ID,Recommendation ID,ReviewID,Steam ID,Persona Name,Persona Status,Profile URL,Number of Games Owned,Number of Reviews,Playtime Forever,Playtime Last Two Weeks,Playtime at Review,Last Played,Avatar URL,Full Avatar Url,Recommendation URL,Language,Review Text,Date Created,Date Updated,Vote,Votes Up,Votes Funny,Weighted Vote Score,Comment Count,Steam Purchase,Received for Free,Refunded,Written During Early Access,Developer Response,Primarily Steam Deck,Clever,Warm Blanket,Saucy,Slow Clap,Take My Points,Wholesome,Jester,Fancy Pants,Whoa,Super Star,Wild,Winner,Beautiful,Helpful,Fire,Funny,One Hundred,Life Saver,Perfect,Plus One,Smart,Pure Gold,ReviewID,Manufacturer,Model,DX Video Card,DX Vendor ID,DX Device ID,Num GPU,System RAM,Operating System,CPU Vendor,CPU Name,Gaming Device Type,DX Driver Version,Adapter Description,Driver Version,Driver Date,VRAM Size,Screen Width,Screen Height,Precise Frame Rate
1,230496701,1,76561198092154753,d.draper,online,https://steamcommunity.com/profiles/76561198092154753/,577,21,494,0,494,07/22/2025 14:01:22,fef49e7fa7e1997310d705b2a6158ff8dc1cdfeb,https://avatars.akamai.steamstatic.com/fef49e7fa7e1997310d705b2a6158ff8dc1cdfeb_full.jpg,https://steamcommunity.com/profiles/76561198092154753/recommended/2351890/,english,"Quirky game, I enjoyed it.",07/15/2026 02:42:38,07/15/2026 02:42:38,positive,0,0,0.5,0,True,False,False,False,,False,0,0,0,0,0,0,0,0,0,0,0,0,0,0,0,0,0,0,0,0,0,0,,,,,,,,,,,,,,,,,,,,
2,226353432,2,76561199229350642,kelpze,offline,https://steamcommunity.com/profiles/76561199229350642/,91,10,1187,0,1187,05/24/2026 05:16:34,d529e0ec3fc865a386e92bea40aedfa5e3e8c9c3,https://avatars.akamai.steamstatic.com/d529e0ec3fc865a386e92bea40aedfa5e3e8c9c3_full.jpg,https://steamcommunity.com/profiles/76561199229350642/recommended/2351890/,english,"you know those crappy mobile games where there's plenty of zombies coming and you have to kill them for exp, eventually getting perks to help more and more as you go on? yeah this is one of those games, but with actual love and effort and time in it. fantastic game and a real good challenge to 100%.",05/25/2026 03:06:43,05/25/2026 03:06:43,positive,0,0,0.4761904776096344,1,True,False,False,False,,False,0,0,0,0,0,0,0,0,0,0,0,0,0,0,0,0,0,0,0,0,0,0,,,,,,,,,,,,,,,,,,,,
3,224339784,3,76561198367471798,xxadonisxx,in-game,https://steamcommunity.com/id/xxadonisxx/,32666,27142,700,0,700,04/28/2026 22:23:38,07febd45da78f9257ae94745f864220b93e1efa2,https://avatars.akamai.steamstatic.com/07febd45da78f9257ae94745f864220b93e1efa2_full.jpg,https://steamcommunity.com/profiles/76561198367471798/recommended/2351890/,english,"BloodDome99, developed and published by Halftone Gaming, is a frantic arena shooter that blends twin-stick action with roguelite progression, all wrapped in a satirical, dystopian game show premise. It presents a world where survival is entertainment and contestants are thrown into a brutal spectacle for the amusement of unseen audiences. While the narrative elements remain largely in the background, they provide enough flavor to give context to the relentless combat, turning what could have been a purely mechanical experience into something with a bit more personality.

The gameplay is built around surviving waves of enemies in confined arenas, where movement and positioning are just as important as firepower. Players control their character with responsive twin-stick controls, weaving through incoming attacks while unleashing a constant stream of damage. The pacing is immediate and unforgiving, with little downtime between encounters. Each run escalates quickly, pushing players to adapt to increasing chaos as enemy numbers grow and attack patterns become more complex. This creates a constant sense of pressure that defines the core experience.

What adds depth to this structure is the roguelite progression system. As players fight through waves, they collect currency and upgrades that shape their build for that run. The game offers a wide selection of weapons and perks, allowing for a range of playstyles. Some combinations focus on raw damage output, while others emphasize survivability or crowd control. This flexibility encourages experimentation, as different builds can dramatically change how a run unfolds. The ability to carry multiple weapons at once further expands this system, creating opportunities for synergy and strategic layering.

A notable aspect of the game is how it handles resource management within each run. Players must decide whether to spend their earnings on immediate upgrades or save toward long-term objectives, such as progressing further or unlocking escape conditions. This introduces a subtle but meaningful layer of decision-making, adding tension beyond the moment-to-moment combat. It is not just about surviving the next wave, but about managing resources in a way that supports overall progress.

The visual presentation leans heavily into a retro-inspired aesthetic, combining pixel art with neon highlights to create a vibrant, chaotic atmosphere. The arenas are filled with exaggerated effects, from explosive weapon impacts to swarms of enemies, all designed to keep the action visually engaging. The soundtrack complements this with energetic, fast-paced tracks that reinforce the intensity of the gameplay. Together, these elements create a cohesive style that feels both nostalgic and modern.

Despite its strengths, the game does have limitations that become more noticeable over time. The core loop, while highly engaging in short bursts, does not change significantly as players progress. Runs follow a similar structure, and while the variety of weapons and upgrades adds some diversity, the overall experience can begin to feel repetitive during longer sessions. Balance can also be uneven, with certain builds proving far more effective than others, which may reduce the incentive to experiment once optimal strategies are discovered.

The difficulty curve is another defining feature. The game quickly ramps up the challenge, requiring fast reflexes and constant awareness. For players familiar with the genre, this creates a satisfying test of skill, but it can be overwhelming for newcomers. The lack of a more gradual introduction means that early failures are common, though the quick restart loop helps maintain momentum and encourages repeated attempts.

Ultimately, BloodDome99 succeeds in delivering a focused and energetic experience that captures the essence of arcade-style shooters while incorporating modern progression systems. It does not attempt to expand beyond its core idea, instead refining it into a tight, replayable loop that emphasizes action and adaptability. Its strengths lie in its pacing, customization, and visual identity, even if its structure remains relatively narrow.

In the end, it stands as an engaging and well-executed entry in the arena shooter space, offering fast, chaotic gameplay that rewards persistence and experimentation. While it may not sustain long-term variety for every player, it provides a consistently entertaining experience for those who enjoy skill-driven, repeatable challenges.

Rating: 8/10",04/29/2026 09:08:16,04/29/2026 09:08:16,positive,0,1,0.5,0,True,False,False,False,,False,0,0,0,0,0,0,0,0,0,0,0,0,0,0,0,0,0,0,0,0,0,0,,,,,,,,,,,,,,,,,,,,
4,221878304,4,76561198178236835,trevormounts,offline,https://steamcommunity.com/profiles/76561198178236835/,0,13,2126,0,106,08/04/2026 08:18:54,fef49e7fa7e1997310d705b2a6158ff8dc1cdfeb,https://avatars.akamai.steamstatic.com/fef49e7fa7e1997310d705b2a6158ff8dc1cdfeb_full.jpg,https://steamcommunity.com/profiles/76561198178236835/recommended/2351890/,english,Somewhere between Vampire Survivors and Smash TV with an 80's computer vibe. Had a ton of fun with it so far and could see myself logging a lot of hours. This absolutely runs on my mac Mini 4 w/Sonoma - not sure why it says otherwise when in my library.,03/28/2026 02:39:58,03/28/2026 02:39:58,positive,0,0,0.5,0,True,False,False,False,,False,0,0,0,0,0,0,0,0,0,0,0,0,0,0,0,0,0,0,0,0,0,0,,,,,,,,,,,,,,,,,,,,
5,213382897,5,76561198028495709,feillyne,offline,https://steamcommunity.com/id/feillyne/,2302,632,341,0,259,12/20/2025 22:04:40,ac01a4befd11fcbf645664ad52f21d1a83a26f93,https://avatars.akamai.steamstatic.com/ac01a4befd11fcbf645664ad52f21d1a83a26f93_full.jpg,https://steamcommunity.com/profiles/76561198028495709/recommended/2351890/,english,"Nice, but extremely slow-paced compared to all other horde survivors games i've played...",12/15/2025 23:30:11,12/15/2025 23:30:11,positive,0,0,0.5,0,True,False,False,False,,False,0,0,0,0,0,0,0,0,0,0,0,0,0,0,0,0,0,0,0,0,0,0,,,,,,,,,,,,,,,,,,,,
6,208222626,6,76561198283279404,Shrimp,offline,https://steamcommunity.com/profiles/76561198283279404/,169,16,594,0,68,09/09/2026 19:47:32,b4003c9561c530b7b286187517dcfb9a33534fa3,https://avatars.akamai.steamstatic.com/b4003c9561c530b7b286187517dcfb9a33534fa3_full.jpg,https://steamcommunity.com/profiles/76561198283279404/recommended/2351890/,english,I fw it,11/02/2025 13:46:01,11/02/2025 13:46:01,positive,1,2,0.523809552192688,0,False,False,False,False,,False,0,0,0,0,0,0,0,0,0,0,0,0,0,0,0,0,0,0,0,0,0,0,,,,,,,,,,,,,,,,,,,,
7,207442420,7,76561198063089140,marcus1503YT,offline,https://steamcommunity.com/id/marcus1503YT/,1190,217,18,0,18,05/11/2025 12:21:15,4435215f55b5e6c10fe339afcabae36986fdb1fa,https://avatars.akamai.steamstatic.com/4435215f55b5e6c10fe339afcabae36986fdb1fa_full.jpg,https://steamcommunity.com/profiles/76561198063089140/recommended/2351890/,german,"Na ja, ist ganz okay.",10/24/2025 08:42:37,10/24/2025 08:42:37,positive,0,0,0.41818755865097046,0,True,False,False,False,,False,0,0,0,0,0,0,0,0,0,0,0,0,0,0,0,0,0,0,0,0,0,0,,,,,,,,,,,,,,,,,,,,
8,206988657,8,76561198065562909,TheEvilGuy,in-game,https://steamcommunity.com/id/theevi1guy/,659,15,1057,0,1049,11/20/2025 17:36:07,acd451045b7eaab8bc2f0be541e0927601c11620,https://avatars.akamai.steamstatic.com/acd451045b7eaab8bc2f0be541e0927601c11620_full.jpg,https://steamcommunity.com/profiles/76561198065562909/recommended/2351890/,english,"Highly addictive and underrated, hope the EXP scaling can be easier though for late game",10/18/2025 10:26:51,10/18/2025 10:26:51,positive,1,0,0.523809552192688,0,True,False,False,False,,True,0,0,0,0,0,0,0,0,0,0,0,0,0,0,0,0,0,0,0,0,0,0,,,,,,,,,,,,,,,,,,,,
9,206893603,9,76561197967633766,Hyperchrist 9000,offline,https://steamcommunity.com/profiles/76561197967633766/,0,9,3133,0,3038,04/06/2026 06:18:42,4ab3db0761bdfb0b02c32de00e0924e1270cf81a,https://avatars.akamai.steamstatic.com/4ab3db0761bdfb0b02c32de00e0924e1270cf81a_full.jpg,https://steamcommunity.com/profiles/76561197967633766/recommended/2351890/,english,"if you're actually reading this, it's a strong indicator that you should already be playing, so I recommend you go ahead and get that done.",10/17/2025 02:48:38,10/17/2025 02:48:38,positive,0,0,0.5,0,True,False,False,False,,True,0,0,1,0,0,0,0,0,0,0,0,0,0,0,0,0,0,0,0,0,0,0,,,,,,,,,,,,,,,,,,,,
10,206801370,10,76561198053854269,Dewkong,offline,https://steamcommunity.com/id/dewkong/,209,67,561,0,561,10/15/2025 20:16:55,efd5282a9e733ad22c67630a5ae3abb6e3de2a2d,https://avatars.akamai.steamstatic.com/efd5282a9e733ad22c67630a5ae3abb6e3de2a2d_full.jpg,https://steamcommunity.com/profiles/76561198053854269/recommended/2351890/,english,"Great game if you enjoy arena-shooter, bullet-heaven roguelites. Nothing groundbreaking in the genre, but it's really well-made. The perks are interesting and the weapon arsenal is diverse

The best thing about BloodDome is the art-style, I just love this retro pixel graphics. The soundtrack is an absolute banger too

Finished all achievements, it was fun!",10/15/2025 20:24:15,10/15/2025 20:25:15,positive,0,0,0.5,0,True,False,False,False,,False,0,0,0,0,0,0,0,0,0,0,0,0,0,0,0,0,0,0,0,0,0,0,,,,,,,,,,,,,,,,,,,,
11,202429144,11,76561198002155069,docwhat,offline,https://steamcommunity.com/id/docwhat/,1768,34,251,0,202,08/24/2025 03:17:30,c5a27bd81560e856c71dbbfa4b487e46383b09c5,https://avatars.akamai.steamstatic.com/c5a27bd81560e856c71dbbfa4b487e46383b09c5_full.jpg,https://steamcommunity.com/profiles/76561198002155069/recommended/2351890/,english,"Cheesy 80s-style violence with lots of silly references to cheesy 80s movies.

Not a terribly complicated game. Simple but fun.

It doesn't promise much but delivers 110%.

It's worth the $5 USD. Buy it!",08/19/2025 04:41:23,08/19/2025 04:41:23,positive,0,0,0.5,0,True,False,False,False,,True,0,0,0,0,0,0,0,0,0,0,0,0,0,0,0,0,0,0,0,0,0,0,,,,,,,,,,,,,,,,,,,,
12,198076373,12,76561197966765036,boomyfongoo,offline,https://steamcommunity.com/id/TheImmortalJellyfish/,2127,15,952,0,534,07/05/2025 02:39:45,f8e017be6708c0b441b2b1a96f3cb3ad9db31703,https://avatars.akamai.steamstatic.com/f8e017be6708c0b441b2b1a96f3cb3ad9db31703_full.jpg,https://steamcommunity.com/profiles/76561197966765036/recommended/2351890/,english,"Of the many, many Vampire Survivor-likes out there, this one's a winner - thanks entirely to weapon and build diversity. The unlock grind is real, but the gameplay itself is sharp enough to stop it being a chore (so far, at least). The sheer variety of ways to play also helps a lot. A strong recommend for this one.",06/25/2025 02:37:30,06/25/2025 02:37:30,positive,1,0,0.5,0,True,False,False,False,,False,0,0,0,0,0,0,0,0,0,0,0,0,0,0,0,0,0,0,0,0,0,0,,,,,,,,,,,,,,,,,,,,
13,197328046,13,76561197976182523,Livingdead,offline,https://steamcommunity.com/id/myotherblogiscooler/,0,2,316,0,229,08/10/2025 23:35:16,e1379ba2b8505d968772e436be70bea1a8a4b1fc,https://avatars.akamai.steamstatic.com/e1379ba2b8505d968772e436be70bea1a8a4b1fc_full.jpg,https://steamcommunity.com/profiles/76561197976182523/recommended/2351890/,english,"Max Shooooty for your booty
",06/15/2025 21:34:45,06/15/2025 21:34:45,positive,1,0,0.5,0,True,False,False,False,,False,0,0,0,0,0,0,0,0,0,0,0,0,0,0,0,0,0,0,0,0,0,0,,,,,,,,,,,,,,,,,,,,
14,194972876,14,76561198138851209,Sponsored by 777Town.net,offline,https://steamcommunity.com/profiles/76561198138851209/,79,29,15,0,15,05/16/2025 00:22:54,ddae6bcca4453209ddff0b90e45e0f46b844053f,https://avatars.akamai.steamstatic.com/ddae6bcca4453209ddff0b90e45e0f46b844053f_full.jpg,https://steamcommunity.com/profiles/76561198138851209/recommended/2351890/,english,"Seems like it COULD be a really, really good game. Unfortunately, the devs can't decide whether this is a survivors-like or a twinstick shooter. First off, they hid the auto-fire and auto-aim options in a weird way, and even once you unlock them, when you have auto-fire enabled, your character moves ridiculously slow. On top of that, some of the upgrades make you move even slower. Basically, this ruins any potential fun that could be had. If the devs would only remove the movement speed penalty when shooting, this game would be actually 10/10. As is, it's legit unplayable.",05/16/2025 00:26:23,05/16/2025 00:26:23,negative,1,0,0.497925341129303,0,True,False,False,False,,False,0,0,0,0,0,0,0,0,0,0,0,0,0,0,0,0,0,0,1,0,0,0,,,,,,,,,,,,,,,,,,,,
15,191635146,15,76561197990695056,BiT.dK,offline,https://steamcommunity.com/profiles/76561197990695056/,0,91,1202,0,769,04/26/2025 03:38:23,07e0c3d7b8b6321b8187d5d671f0c9495e0e1b1c,https://avatars.akamai.steamstatic.com/07e0c3d7b8b6321b8187d5d671f0c9495e0e1b1c_full.jpg,https://steamcommunity.com/profiles/76561197990695056/recommended/2351890/,english,"Enormous variety of weapons and perks, some of which are extremely silly. The three different arenas (basically, difficulty levels) can be further modified, once the player earns the privilege, by adding disadvantages to each run (adding ""weight"") and/or picking a particular starting weapon before the run. There's even a separate leaderboard for each ""weight"" within an arena to keep things fair.  The game features some very appropriate synthwave music and visual vibes throughout.  Good times, decent replay value!",03/31/2025 11:46:25,03/31/2025 11:46:25,positive,0,0,0.49571600556373596,0,True,False,False,False,,False,0,0,0,0,0,0,0,0,0,0,0,0,0,0,0,0,0,0,0,0,0,0,,,,,,,,,,,,,,,,,,,,
16,190547820,16,76561198069513316,riggingchimp,offline,https://steamcommunity.com/profiles/76561198069513316/,0,437,258,0,258,03/16/2025 16:36:52,d1bef463b60aec93dfa62a8eca2889f7ff838d2f,https://avatars.akamai.steamstatic.com/d1bef463b60aec93dfa62a8eca2889f7ff838d2f_full.jpg,https://steamcommunity.com/profiles/76561198069513316/recommended/2351890/,english,"5/10 would be a 'meh' review if they existed. The game has very cool style and atmosphere, but for the price it is exceptionally shallow with a lack of variety and almost no progression.
Has far too much grind as well, for example after beating the 1st arena, you then have to grind to actually pay for the item to access the 2nd arena that is now unlocked.
Over here, we call that a 'dild0 move'",03/18/2025 16:09:06,03/18/2025 16:09:06,negative,1,0,0.52173912525177,0,True,False,False,False,,False,0,0,0,0,0,0,0,0,0,0,0,0,0,0,0,0,1,0,1,0,0,0,,,,,,,,,,,,,,,,,,,,
17,189572126,17,76561198127541966,Daswolfe,offline,https://steamcommunity.com/id/Daswolfe/,0,3,195,0,140,03/08/2025 20:33:36,64a8cab0ceba50a93abf90dc1f5815544da0c419,https://avatars.akamai.steamstatic.com/64a8cab0ceba50a93abf90dc1f5815544da0c419_full.jpg,https://steamcommunity.com/profiles/76561198127541966/recommended/2351890/,english,I think the name Tim is the funniest name ever. The wife does not. I bought this game just to annoy her with Tim. 10/10,03/07/2025 08:34:08,03/07/2025 08:34:08,positive,1,0,0.49571600556373596,0,True,False,False,False,,False,0,0,0,0,0,0,0,0,0,0,0,0,0,0,0,0,0,0,0,0,0,0,,,,,,,,,,,,,,,,,,,,
18,188558269,18,76561198062754251,PutridMeat,offline,https://steamcommunity.com/id/PutridMeat/,0,44,1226,0,949,08/31/2025 08:49:57,beca7de288188f88c056cbd821f9504570388e7e,https://avatars.akamai.steamstatic.com/beca7de288188f88c056cbd821f9504570388e7e_full.jpg,https://steamcommunity.com/profiles/76561198062754251/recommended/2351890/,english,"[h1]THIS DOME'S A KEEPER[/h1]
[i]Eh? Eh? See what I did there?[/i]

[b]BloodDome99 = The Running Man + Tandy Home Computer + Vampire Surviors[/b]

Yes, yes, the survivors/bullet-heaven genre is heavily over-saturated with scores of mediocre takes littering the store... However this genre is one of my absolute favorite guilty pleasures. For my part, these games hearken back to arcade classics like Robotron in much the same way that many twin-stick shooters do and it's a vibe I still enjoy.

Does Blood Dome 99 innovate on this formula? Eh... Not terribly. However, it doesn't need to. It's a game that plays to it's strengths and DGAF about it's weaknesses. It's strengths lie in just how quick and easy it is to get straight into the action, the simple but highly stylish graphics, the (mostly) satisfying feel and capturing that 80s retrofuture dystopia theme perfectly.

Honestly, what sets it apart from me is that the runs are FAST. In Vampire Survivors, Halls of Torment, and other similar giants of the genre, once you get rolling you can spend 30 minutes - 1 hour on some levels and they just begin to drag. Sometimes, a lot times, all I want is a game that is extremely sessionable. 15 - 30 minutes tops, nobody is overstaying their welcome and making things awkward like your weird uncle at Thanksgiving. This is where Blood Dome delivers.

[i]Take one to the dome if you...[/i]

[list]
[*] 🩸Want a game that does what it sets out to do and does it hard and fast (oh my)
[*] 🩸Get warm nostalgia for classic 80s quasi-futuristic dystopias that certainly won't now fill you with existential dread... Ha... Ha...
[*] 🩸Are a bullet-heaven junky that just needs a fix, just a few rounds man, you're good for it, man, PLEASE, PLEASE, man!
[/list]

[i]Get running, man, if you...[/i]

[list]
[*] 🏃Are burnt out on survivor-likes, I mean, you probably aren't even on this page if that's the case though.
[*] 🏃Are averse to retro-themes and goofy, over-the-top presentation and humor
[*] 🏃Tend to calculate whether a game is ""worth it"" based solely on the sheer number of hours per dollar ratio
[/list]

[h3][u]The Bottom Line[/u][/h3]

Is the Blood Dome the Best Dome? No, but it is far from the Worst Dome. That dubious honor belongs to 1996's Bio-Dome starring Pauly Shore and Stephen Baldwin.

[h1]JAM DA NETWURK?![/h1]",02/23/2025 08:13:56,02/23/2025 08:14:14,positive,6,1,0.6114937663078308,0,True,False,False,False,,False,0,0,0,0,0,0,0,0,0,0,0,0,0,0,0,0,0,0,0,0,0,0,,,,,,,,,,,,,,,,,,,,
19,188175965,19,76561198222363884,Princess Donut,in-game,https://steamcommunity.com/id/ZVKW/,222,52,182,0,30,02/28/2025 06:53:40,65096497404e4edc23c3d1ae7201347a70561543,https://avatars.akamai.steamstatic.com/65096497404e4edc23c3d1ae7201347a70561543_full.jpg,https://steamcommunity.com/profiles/76561198222363884/recommended/2351890/,english,"I bought this game when it was on sale for like barely over a dollar or something and so far its been fun, will update my review with further play time :D",02/18/2025 09:11:47,02/18/2025 09:11:47,positive,1,0,0.49571600556373596,0,True,False,False,False,,False,0,0,0,0,0,0,0,0,0,0,0,0,0,0,0,0,0,0,0,0,0,0,,,,,,,,,,,,,,,,,,,,
20,185981275,20,76561198067218325,Meme King Mike,offline,https://steamcommunity.com/id/cartoonframes/,1961,95,30,0,30,01/20/2025 00:54:02,e4b1c0e2e9ceffa94eb9b15e681c9514b6406295,https://avatars.akamai.steamstatic.com/e4b1c0e2e9ceffa94eb9b15e681c9514b6406295_full.jpg,https://steamcommunity.com/profiles/76561198067218325/recommended/2351890/,english,Good premise but boss has a stupid amount of health. Doesn't seem feasibly possible to defeat with 3 weapons.,01/20/2025 00:55:56,01/20/2025 00:55:56,negative,3,4,0.514529824256897,0,True,False,False,False,,False,0,0,0,0,0,0,0,0,0,0,0,0,0,0,0,0,0,0,0,0,0,0,,,,,,,,,,,,,,,,,,,,
21,185881778,21,76561198126616947,Rushmaster,offline,https://steamcommunity.com/id/greenlemonfruit/,371,91,1353,0,412,03/16/2025 14:30:15,02075d82900e729625c5f1fd1e0084e4247afe90,https://avatars.akamai.steamstatic.com/02075d82900e729625c5f1fd1e0084e4247afe90_full.jpg,https://steamcommunity.com/profiles/76561198126616947/recommended/2351890/,english,One of the good survivor-likes. I can recommend this one!,01/18/2025 20:04:37,01/19/2025 01:04:27,positive,1,0,0.49571600556373596,0,True,False,False,False,,False,0,0,0,0,0,0,0,0,0,0,0,0,0,0,0,0,0,0,0,0,0,0,,,,,,,,,,,,,,,,,,,,
22,184427721,22,76561197968268427,Falcon,offline,https://steamcommunity.com/id/opique/,0,111,229,0,229,01/01/2025 13:38:29,acf67207768cdc5be5f09aca6a9f7830bf27d6f7,https://avatars.akamai.steamstatic.com/acf67207768cdc5be5f09aca6a9f7830bf27d6f7_full.jpg,https://steamcommunity.com/profiles/76561197968268427/recommended/2351890/,english,"Shows potential. Make it more linear, clear and accessible:
1. Like many of these games: starts with good perks and you unlock perks you don't want in the rotation because they screw you over and so you actually end up doing the best with the initial setup of weapons and skills.
2. The gating of game features through the bouncer is stupid. Autoaim should just be a menu item etc.
3. Add a little bit more clarity for the colors, e.g. the carriages that shoot slow projectiles are super easy to miss among the bullet hell.
4. Allow banning from rotation at will as long as 1. is not true.",01/01/2025 14:15:22,01/01/2025 14:15:22,negative,2,0,0.4858335256576538,0,True,False,False,False,"Hey Falcon, thanks for your feedback! I just wanted to let you know that you can disable any unlocked perk. Just go to the 'perk compendium' and find the perk in that list, and you'll see an 'enabled' checkbox (you cannot disable any of the starting perks). 

Also, we will be making some changes to the way auto-aim is unlocked and used in an upcoming patch, so hopefully that will solve some of your issues there. Cheers!",False,0,0,0,0,0,0,0,0,0,0,0,0,0,0,0,0,0,0,1,0,0,0,,,,,,,,,,,,,,,,,,,,
23,181606678,23,76561198205032532,Kirafishy,online,https://steamcommunity.com/id/kirafishy/,3162,77,149,0,149,11/26/2024 10:53:02,626bbb7465867eefb8c7c536c5b332fb9ca47af9,https://avatars.akamai.steamstatic.com/626bbb7465867eefb8c7c536c5b332fb9ca47af9_full.jpg,https://steamcommunity.com/profiles/76561198205032532/recommended/2351890/,schinese,"8BIT复古风格的幸存者类游戏，打完第一把被屏幕抖动震晕了差点想退款，然后发现解锁了关闭屏幕抖动，打完第二把鼠标左键按酸了差点想退款，然后发现解锁了自动攻击。我寻思明明是基础设置为什么非得两把才能解锁，纯纯的脱了裤子放屁。以及目前看来攻击时降低移动速度这个设定也有点多余，因为这怪的密度强迫你必须一直在攻击。
游戏内有两种资源：经验值、钱。钱在局内可以买强化，强化根据强度不同价格不一样，花剩下的钱带出局外可以解锁新外观和武器。除此以外好像没什么特色了，等我再多刷几把看看",12/03/2024 03:31:39,12/03/2024 03:31:39,positive,0,1,0.5,0,True,False,False,False,,False,0,0,0,0,0,0,0,0,0,0,0,0,0,0,0,0,0,0,0,0,0,0,,,,,,,,,,,,,,,,,,,,
24,180986289,24,76561197997081608,SSSRankLord,offline,https://steamcommunity.com/id/ahrejl/,1626,229,384,0,384,04/27/2024 21:12:41,3c26d99ed6b2635aee3cd2328bff3dfac4ee6c92,https://avatars.akamai.steamstatic.com/3c26d99ed6b2635aee3cd2328bff3dfac4ee6c92_full.jpg,https://steamcommunity.com/profiles/76561197997081608/recommended/2351890/,ukrainian,"Прикольний рогалик в стилі 80их, музика і піксильний стиль. Сама гра також прикольна, є досить багато інтересних білдів якими можна проходити гру.",11/30/2024 09:13:04,11/30/2024 09:13:04,positive,1,0,0.5046854019165039,0,False,True,False,False,,False,0,0,0,0,0,0,0,0,0,0,0,0,0,0,0,0,0,0,0,0,0,0,,,,,,,,,,,,,,,,,,,,
25,180124833,25,76561198120588066,Siyah Tekel Poşeti,offline,https://steamcommunity.com/id/McCivciv/,931,20,520,0,487,12/03/2024 22:52:29,fbb7f96a3d40865edfd77243524543bf62214d7d,https://avatars.akamai.steamstatic.com/fbb7f96a3d40865edfd77243524543bf62214d7d_full.jpg,https://steamcommunity.com/profiles/76561198120588066/recommended/2351890/,turkish,bomba,11/28/2024 00:02:42,11/28/2024 00:02:42,positive,0,0,0.5,0,True,False,False,False,,False,0,0,0,0,0,0,0,0,0,0,0,0,0,0,0,0,0,0,0,0,0,0,,,,,,,,,,,,,,,,,,,,
26,179252498,26,76561198040130293,Typhon,offline,https://steamcommunity.com/profiles/76561198040130293/,0,9,676,0,203,02/23/2025 04:35:30,31466bfbfe84f6de72acab3334863ac0cceceef4,https://avatars.akamai.steamstatic.com/31466bfbfe84f6de72acab3334863ac0cceceef4_full.jpg,https://steamcommunity.com/profiles/76561198040130293/recommended/2351890/,english,Seems boring at first but quickly opens up.,11/17/2024 19:23:45,11/17/2024 19:23:45,positive,1,0,0.495502769947052,0,True,False,False,False,,False,0,0,0,0,0,0,0,0,0,0,0,0,0,0,0,0,0,0,0,0,0,0,,,,,,,,,,,,,,,,,,,,
27,179216734,27,76561197991720108,Ratt,offline,https://steamcommunity.com/id/Ratdeath/,641,6,84,0,84,11/17/2024 09:29:18,61eb340246a7a594c530207c9b4769e29028f70d,https://avatars.akamai.steamstatic.com/61eb340246a7a594c530207c9b4769e29028f70d_full.jpg,https://steamcommunity.com/profiles/76561197991720108/recommended/2351890/,english,Fun game and devs are very responsive to player feedback.,11/17/2024 09:36:52,11/17/2024 09:36:52,positive,0,1,0.49571600556373596,0,True,False,False,False,,False,0,0,0,0,0,0,0,0,0,0,0,0,0,0,0,0,0,0,0,0,0,0,,,,,,,,,,,,,,,,,,,,
28,179168996,28,76561198083708122,Xavier: Renegade Angel,offline,https://steamcommunity.com/id/whoaLare/,6441,205,31,0,10,10/15/2025 05:06:00,60cb4598d0b554c3de3403ef66384ae95a2c7215,https://avatars.akamai.steamstatic.com/60cb4598d0b554c3de3403ef66384ae95a2c7215_full.jpg,https://steamcommunity.com/profiles/76561198083708122/recommended/2351890/,english,"An excellent rogue-survivor with a very cool art style and is a solid deal at $5.  In a sea of survivor-type games, I at least appreciate the fact that it has a unique look and a slapping soundtrack.  This one and Slime 3k (and of course deep rock galactic: survivor) have been my favorites recently and anyone looking at this should pick it up.",11/16/2024 19:08:22,11/16/2024 19:08:22,positive,2,0,0.5381000638008118,0,True,False,False,False,,False,0,0,0,0,0,0,0,0,0,0,0,0,0,0,0,0,0,0,0,0,0,0,,,,,,,,,,,,,,,,,,,,
29,175584942,29,76561198062609598,Church,offline,https://steamcommunity.com/id/ekirk/,0,302,216,0,78,11/26/2024 08:19:36,5ed1ba657a027783140325d80d9fd787a95cc7fc,https://avatars.akamai.steamstatic.com/5ed1ba657a027783140325d80d9fd787a95cc7fc_full.jpg,https://steamcommunity.com/profiles/76561198062609598/recommended/2351890/,english,"It's decent but deducting 20% of my score for toggling auto-aim is a non-starter.  I want to support this dev, but that one decision rubs me the wrong way. I'm still going to recommend it,[strike] but I doubt i'm going to play it anymore. [/strike] awesome dev 10/10",09/23/2024 04:10:39,10/06/2024 22:45:47,positive,6,5,0.5727663040161133,0,True,False,False,True,"For what it's worth, we have decided to remove the auto aim penalty in the 1.0 version coming later this year. Cheers!",False,0,0,0,0,0,0,1,0,0,0,0,0,0,0,0,0,0,0,0,0,0,0,,,,,,,,,,,,,,,,,,,,
30,174610161,30,76561198065214719,Hungrysparrow,online,https://steamcommunity.com/profiles/76561198065214719/,0,37,731,0,731,11/18/2024 04:16:32,17e27f1e93c0a273f99d8232e2043032f7d4b5f4,https://avatars.akamai.steamstatic.com/17e27f1e93c0a273f99d8232e2043032f7d4b5f4_full.jpg,https://steamcommunity.com/profiles/76561198065214719/recommended/2351890/,english,"A fresh take on the Survivors style game. With a higher skill requirement - you have to aim. It has an appealing, minimalist,retro aesthetic. With fast paced arcade action that keeps you coming back again. Loads of unlocks and unique weapons available. If you like this genre you will love Blood Dome.",09/09/2024 18:48:57,11/21/2024 01:19:00,positive,1,0,0.5118483304977417,0,True,False,False,True,,False,0,0,0,0,0,0,0,0,0,0,0,0,0,0,0,0,0,0,0,0,0,0,,,,,,,,,,,,,,,,,,,,
31,174174952,31,76561198292881921,andrusdrack,online,https://steamcommunity.com/id/andrusdrack/,492,52,1742,0,1742,08/30/2024 22:53:02,31ff03d53dfd58df5e8a7e7b37d80f95b6c9e7ca,https://avatars.akamai.steamstatic.com/31ff03d53dfd58df5e8a7e7b37d80f95b6c9e7ca_full.jpg,https://steamcommunity.com/profiles/76561198292881921/recommended/2351890/,spanish,"29 horas para conseguir todos los logros 

un juego para pasar el rato bastante rejugable gran variedad de armas muy pocos bugs estetica sublime musica preciosa tenemos que esperar a que salga el juego completo para ver con que mas nos entretiene",09/04/2024 03:27:06,09/04/2024 03:27:06,positive,0,0,0.5,0,False,False,False,True,,False,0,0,0,0,0,0,0,0,0,0,0,0,0,0,0,0,0,0,0,0,0,0,,,,,,,,,,,,,,,,,,,,
32,172356100,32,76561197981184497,dotzerozerosix,offline,https://steamcommunity.com/id/dotzerozerosex/,2454,19,389,0,158,08/24/2025 22:30:40,a09d185ec9cb50c7a1771ccbea127fb6f6864423,https://avatars.akamai.steamstatic.com/a09d185ec9cb50c7a1771ccbea127fb6f6864423_full.jpg,https://steamcommunity.com/profiles/76561197981184497/recommended/2351890/,english,"I’ve never had the is much fun wielding a shotgun and katana on a skateboard. 10/10

Cons: 
- don’t want to pay for in-game music, but the irony isn’t lost on me.
- I think the current balancing requires a very specific build set and I’d like to explore more power ups (and due, to my demise) with a chance of surviving.

Pros:

- Great soundtrack
- Awesome gameplay loop, doesn’t get stale.
-  As graphically simple it is it is very well          done and vibrant. I love the lobby and            appreciate the champion unlock. 
- Fun and diverse range of weapons. I haven’t          unlocked a whole lot of them but what I’ve          unlocked has been enjoyable and nothing       feels redundant. Synergy is subtle but it’s          there.
- While I may only have 2.5 hours in the game   so far, there is still so much more to do, I just   tend to have a rotation of 20+ games in play. 
- The weight bench adds a LOT of fun.

I purchased this game on sale for $2.99, I believe. It is worth full price. If they release a soundtrack I’ll definitely grab that.",08/18/2024 03:09:35,08/18/2024 03:09:35,positive,0,0,0.5,0,True,False,False,True,,False,0,0,0,0,0,0,0,0,0,0,0,0,0,0,0,0,0,0,0,0,0,0,,,,,,,,,,,,,,,,,,,,
33,172285228,33,76561198046197247,Guigui,offline,https://steamcommunity.com/id/_leaog/,694,35,347,0,182,08/19/2024 22:22:02,e3c170305824eecaadf1033dfe4e1d0711e3df99,https://avatars.akamai.steamstatic.com/e3c170305824eecaadf1033dfe4e1d0711e3df99_full.jpg,https://steamcommunity.com/profiles/76561198046197247/recommended/2351890/,brazilian,"Cyberpunk: Edgerunners EP. 6 goes Roguelike BHRRRRRRRRRRRRRRRRRRRRRRRR
But 2 fps endgame :( (1440P RTX3060, dont think its the problem, probably fix soon)",08/17/2024 03:06:11,08/17/2024 03:06:11,positive,0,0,0.5,0,True,False,False,True,,False,0,0,0,0,0,0,0,0,0,0,0,0,0,0,0,0,0,0,0,0,0,0,,,,,,,,,,,,,,,,,,,,
34,171862505,34,76561198286571041,Cloel,in-game,https://steamcommunity.com/id/cloelbruh/,405,33,358,0,314,09/10/2024 03:33:26,c3b7a740b430d626bfe64c6264ab10094d895ba6,https://avatars.akamai.steamstatic.com/c3b7a740b430d626bfe64c6264ab10094d895ba6_full.jpg,https://steamcommunity.com/profiles/76561198286571041/recommended/2351890/,english,Stylish and satisfying as simple roguelites go. Excited to see it get developed out. Could go a lot of cool directions.,08/11/2024 02:32:43,08/11/2024 02:32:43,positive,0,0,0.5,0,True,False,False,True,,False,0,0,0,0,0,0,0,0,0,0,0,0,0,0,0,0,0,0,0,0,0,0,,,,,,,,,,,,,,,,,,,,
35,171783111,35,76561198169376761,Nosteru,online,https://steamcommunity.com/profiles/76561198169376761/,343,151,2746,0,810,07/08/2026 22:02:49,3abcdb9ae7d20004dfa55eecc52ed6d08b85cee2,https://avatars.akamai.steamstatic.com/3abcdb9ae7d20004dfa55eecc52ed6d08b85cee2_full.jpg,https://steamcommunity.com/profiles/76561198169376761/recommended/2351890/,english,"This is an interresting take on the survivor bullet heaven genre. An unique graphics and atmosphere mixed with violent combat. Very good feedback on dealt and received hits. All weapons are fun to use and have many altering upgrades. There is good amount of unlockables. The gameplay is very smooth and fun.

The new system is that you earn money with killing, also you can get more with Perk Upgrades. You need to buy Upgrades on levelup with this money while you also need reach 300k money for the boss spawn. Hard part is to earn this money in good time, because if you earn too early then you still weak for bossfight, while if you earn too late you get overwhelmed by crowd.

Very Recommended Game of its genre.",08/09/2024 23:08:30,11/15/2024 22:15:02,positive,1,0,0.4550398886203766,0,True,False,False,True,,False,0,0,0,0,0,0,0,0,0,0,0,0,0,0,0,0,0,0,0,0,0,0,,,,,,,,,,,,,,,,,,,,
36,171744666,36,76561198049532453,imtimadator,offline,https://steamcommunity.com/profiles/76561198049532453/,0,22,1160,0,731,03/04/2026 02:57:32,6d74ac2da795305043bdd63a381cef0d3129230d,https://avatars.akamai.steamstatic.com/6d74ac2da795305043bdd63a381cef0d3129230d_full.jpg,https://steamcommunity.com/profiles/76561198049532453/recommended/2351890/,english,"This one is a real winner. 

It takes about 4-6 hours to beat the final boss and by then you have a real hang of it. The developer added a champion's room which gives you reason to bring your play time up to 20 hours. 

The game is simple you have horde of humans around you and it get challenging for you to survive to the end. At the end you face ""The Metal Man"". You have an assortment of weapons available to you at the start with different buffs you can choose to apply. Now, this game is a rouge-like which this game uses as a strength because you could choose different buffs giving a weapon different performance characteristics.

As you survive in a run, the commentator will give you additional weapons. This is just gold. Not only do you have weapons that can behave differently per run, you can have any combination of weapons performing differently per run. It keeps it fresh, it keeps you engages. It helps you feel like with just one more run and if I just did it a little bit differently, I could win. This game does an excellent job of minimizing time between runs, so you always feel like you're right back in the action.

I should mention that the way you unlock and build your pool of available buffs and guns is through a vending machine in the lobby. It gives you a selection of items that you can re-roll with the better guns/buffs/cool hats costing more. You earn money from your runs, so why not stop occasionally and build yourself up for the next run.

Yeah, I really enjoyed this one. I'd be happy to leave it there but the developer is still adding content and I am very excited to give it a shot.",08/09/2024 14:28:24,08/09/2024 14:28:24,positive,1,0,0.5,0,True,False,False,True,,True,0,0,0,0,0,0,0,0,0,0,0,0,0,0,0,0,0,0,0,0,0,0,,,,,,,,,,,,,,,,,,,,
37,171126889,37,76561197972259464,Scooby4ever,offline,https://steamcommunity.com/profiles/76561197972259464/,0,210,324,0,290,07/31/2024 01:20:08,d4fe7ecc9e9bae063e1d3f950cd7e7a33c3b2628,https://avatars.akamai.steamstatic.com/d4fe7ecc9e9bae063e1d3f950cd7e7a33c3b2628_full.jpg,https://steamcommunity.com/profiles/76561197972259464/recommended/2351890/,swedish,"A nice rouge shooter that will grow larger when finished. Current content is not final game. I have current played over 3hrs and feels that it needs alot more content but that is promised in sept i think.

Buy to support the team but wait if you wanna see what comes out of this game when released. I put recomend for now because i feel some cool things can be added in final phase. Obstacles in the dome maybe some themes of the domes played on.",07/31/2024 00:45:15,07/31/2024 00:45:15,positive,0,0,0.5,0,True,False,False,True,,False,0,0,0,0,0,0,0,0,0,0,0,0,0,0,0,0,0,0,0,0,0,0,,,,,,,,,,,,,,,,,,,,
38,170963313,38,76561198067727574,LieEmperoRu_u 😡,offline,https://steamcommunity.com/id/lie_eater/,3786,442,275,0,275,07/28/2024 16:18:35,c86c6e9e4c442122a6cd5ee2159788a8ba77c527,https://avatars.akamai.steamstatic.com/c86c6e9e4c442122a6cd5ee2159788a8ba77c527_full.jpg,https://steamcommunity.com/profiles/76561198067727574/recommended/2351890/,english,"BloodDome99 is one of the most interesting survivors-like games that I have played.

Your goal is freedom, and to achieve this, you need to collect $300,000 and defeat the boss. 

Killing enemies grants you money and drops XP orbs. Money is the most crucial part of the game. Aside from summoning the boss, money is used to buy abilities when you level up. Upon leveling up, you are offered a choice of one of three abilities, each with a different cost. You can also skip the abilities and receive money instead. 

The game doesn't feature traditional meta-progression. Instead, it allows players to buy guns and perks that can appear as abilities during level-ups in subsequent runs. You can purchase them in the main menu at the vending machine. Besides guns and perks, you can also buy soundtracks and cosmetics. 

The game is fun and features nice Synthwave/Retrowave visuals and music styles. Definitely worth to check it.

Follow : [url=store.steampowered.com/curator/44793303-The-games-that-I%2527ve-played/] The games that i`ve played [/url]",07/28/2024 16:42:19,07/28/2024 16:42:19,positive,2,0,0.5195335149765015,0,False,True,False,True,,False,0,0,0,0,0,0,0,0,0,0,0,0,0,0,0,0,0,0,0,0,0,0,,,,,,,,,,,,,,,,,,,,
39,168666591,39,76561198082942016,eri(c),offline,https://steamcommunity.com/id/EricNunya/,479,505,175,0,174,11/15/2025 04:01:58,9c26e2311016064c4e183610eaebca10e6c0acf1,https://avatars.akamai.steamstatic.com/9c26e2311016064c4e183610eaebca10e6c0acf1_full.jpg,https://steamcommunity.com/profiles/76561198082942016/recommended/2351890/,english,"ok dev swapped it we good

you LOSE SCORE for having AUTO AIM on!? bite me",07/01/2024 07:45:29,10/01/2024 22:29:30,positive,0,0,0.4863569438457489,0,True,False,False,True,"For what it's worth, we have decided to remove the auto aim penalty in the 1.0 version coming later this year. Cheers!",False,0,0,0,0,0,0,3,0,0,0,0,0,0,0,0,0,0,0,0,0,0,0,,,,,,,,,,,,,,,,,,,,
40,168290735,40,76561199417102971,dmtc,offline,https://steamcommunity.com/profiles/76561199417102971/,59,8,118,0,118,05/15/2024 19:17:21,5c4cae1e1fdf039e2a29477cb299949d714107fd,https://avatars.akamai.steamstatic.com/5c4cae1e1fdf039e2a29477cb299949d714107fd_full.jpg,https://steamcommunity.com/profiles/76561199417102971/recommended/2351890/,english,awesome game love the artstyle and the spin it takes on the vampire survivor-like genre only critique is it is kind of unoptimized in a certain way with all the effects going on on screen it can become choppy at times for a 2d game,06/27/2024 02:49:30,06/27/2024 02:49:38,positive,1,1,0.5195335149765015,0,True,False,False,True,,False,0,0,0,0,0,0,0,0,0,0,0,0,0,0,0,0,0,0,0,0,0,0,,,,,,,,,,,,,,,,,,,,
41,167341294,41,76561198231235044,RepairTool,offline,https://steamcommunity.com/id/empspammer/,0,457,2501,0,2422,12/04/2024 08:46:56,278211efbe2120a0d3567b7cbd8b0f8af22e5648,https://avatars.akamai.steamstatic.com/278211efbe2120a0d3567b7cbd8b0f8af22e5648_full.jpg,https://steamcommunity.com/profiles/76561198231235044/recommended/2351890/,english,Ａｌｗａｙｓ　Ｌａｃｋｉｎｇ　Ｏｆ　Ｂｏｕｎｃｅｓ,06/14/2024 15:55:27,06/14/2024 15:55:27,positive,1,0,0.48079681396484375,0,True,False,False,True,,False,0,0,0,0,0,0,0,0,0,0,0,0,0,0,0,0,0,0,0,0,0,0,,,,,,,,,,,,,,,,,,,,
42,167296240,42,76561198061912671,ashdust,online,https://steamcommunity.com/id/ashdust/,1558,49,1399,0,672,04/13/2026 22:22:33,25e46c77d960a1771b1e83e2ce936f27674107db,https://avatars.akamai.steamstatic.com/25e46c77d960a1771b1e83e2ce936f27674107db_full.jpg,https://steamcommunity.com/profiles/76561198061912671/recommended/2351890/,english,"A must-have for fellow addicts of this burgeoning bullet-heaven genre (let's get a tag already, Steam!) - It's not reinventing the wheel, but this is a surprisingly fun and deep streamlined take on the genre. It's got that all-important ""just one more run!"" factor that drives the best of these games!

Graphically, we're sitting somewhere between the Atari 2600 and NES level, but with the ability to push far more sprites onto the screen at once, with the occasional blooming effect for show.  Within that framework though, this game is visually arresting and distinct.

The music runs from good to great, depending on which track you choose via vending machine upgrades. 

Everything just works together to set a unique pulpy tone that's greater than the sum of its parts.",06/13/2024 21:45:49,06/13/2024 21:45:49,positive,0,0,0.5,0,True,False,False,True,,False,0,0,0,0,0,0,0,0,0,0,0,0,0,0,0,0,0,0,0,0,0,0,,,,,,,,,,,,,,,,,,,,
43,166966344,43,76561198303683157,theonlynova911,offline,https://steamcommunity.com/profiles/76561198303683157/,1411,767,1022,0,183,11/29/2024 23:53:43,eecb34e26ea59067475bc411c73da82162960079,https://avatars.akamai.steamstatic.com/eecb34e26ea59067475bc411c73da82162960079_full.jpg,https://steamcommunity.com/profiles/76561198303683157/recommended/2351890/,english,addictively awesome annihilation.,06/08/2024 23:15:50,06/08/2024 23:15:50,positive,0,0,0.5,0,True,False,False,True,,False,0,0,0,0,0,0,0,0,0,0,0,0,0,0,0,0,0,0,0,0,0,0,,,,,,,,,,,,,,,,,,,,
44,166485600,44,76561198129283105,Douknwdewy667,offline,https://steamcommunity.com/profiles/76561198129283105/,0,1,1343,0,945,01/18/2026 00:20:04,b385133026fcf6659d3bc78b362221d6bc8452bc,https://avatars.akamai.steamstatic.com/b385133026fcf6659d3bc78b362221d6bc8452bc_full.jpg,https://steamcommunity.com/profiles/76561198129283105/recommended/2351890/,english,"i love this game. it's mindless, but it lends itself so well to challenging yourself to alternate ways of beating the game once you get to that point. 10/10, especially for the price",06/01/2024 22:26:50,06/01/2024 22:26:50,positive,0,0,0.5,0,True,False,False,True,,False,0,0,0,0,0,0,0,0,0,0,0,0,0,0,0,0,0,0,0,0,0,0,,,,,,,,,,,,,,,,,,,,
45,166477215,45,76561198084895071,Plabs,offline,https://steamcommunity.com/id/Plabs_/,262,92,370,0,114,11/13/2024 03:44:47,15cdbea9a9c498b23692d2011d5c99f6fb6728b8,https://avatars.akamai.steamstatic.com/15cdbea9a9c498b23692d2011d5c99f6fb6728b8_full.jpg,https://steamcommunity.com/profiles/76561198084895071/recommended/2351890/,english,"I've never really given these types of games a good try before but I'm glad I did! 

The more you play the more perks you get for the vending machine where you can use the money from failed attempt to unlock new perks for your future runs! It's really fun figuring out what perks to stack to mow down your foes lmao 
I have yet to become a champion but I'm definitely gunna try until I do! 

This game has opened me up to a new world of gaming! I look forward to future updates and projects from the dev! Definitely recommend you try your luck in the BLOOD DOME!",06/01/2024 19:56:07,06/01/2024 19:56:07,positive,0,0,0.5,0,False,True,False,True,,False,0,0,0,0,0,0,0,0,0,0,0,0,0,0,0,0,0,0,0,0,0,0,,,,,,,,,,,,,,,,,,,,
46,164781809,46,76561198003736342,Kachi,offline,https://steamcommunity.com/id/Kachi/,721,113,536,0,505,11/16/2024 04:29:29,ac0a1674a21118fac0524611de88e04f090af576,https://avatars.akamai.steamstatic.com/ac0a1674a21118fac0524611de88e04f090af576_full.jpg,https://steamcommunity.com/profiles/76561198003736342/recommended/2351890/,english,"Flawless on deck, love the soundtrack and artstyle. 

The dome yearns for blood.",05/07/2024 02:05:12,05/07/2024 02:05:12,positive,0,0,0.5,0,True,False,False,True,,True,0,0,0,0,0,0,0,0,0,0,0,0,0,0,0,0,0,0,0,0,0,0,,,,,,,,,,,,,,,,,,,,
47,164019806,47,76561198073061869,dandelion,offline,https://steamcommunity.com/profiles/76561198073061869/,239,64,122,0,36,02/08/2025 04:46:09,8442685651231b08503c282a75c5f324df2ae085,https://avatars.akamai.steamstatic.com/8442685651231b08503c282a75c5f324df2ae085_full.jpg,https://steamcommunity.com/profiles/76561198073061869/recommended/2351890/,english,♥♥♥♥♥♥ slaps,05/02/2024 00:02:09,05/02/2024 00:02:09,positive,2,0,0.5174616575241089,0,True,False,False,True,,False,0,0,0,0,0,0,0,0,0,0,0,0,0,0,0,0,0,0,0,0,0,0,,,,,,,,,,,,,,,,,,,,
48,163181120,48,76561198035224760,PaVo,online,https://steamcommunity.com/id/pavoolon/,10608,41,1774,0,1728,04/29/2025 23:40:45,3187dcf5e80302b2d802c7d5d24e49e4d78927c0,https://avatars.akamai.steamstatic.com/3187dcf5e80302b2d802c7d5d24e49e4d78927c0_full.jpg,https://steamcommunity.com/profiles/76561198035224760/recommended/2351890/,english,10/10,04/19/2024 19:55:24,04/19/2024 19:55:24,positive,1,0,0.48163697123527527,0,True,False,False,True,,False,0,0,0,0,0,0,0,0,0,0,0,0,0,0,0,0,0,0,0,0,0,0,,,,,,,,,,,,,,,,,,,,
49,162889596,49,76561198139583233,Machinetu,offline,https://steamcommunity.com/profiles/76561198139583233/,338,66,347,0,46,05/04/2024 02:16:18,5cfa5cfa91e9f90ca6029e64577da90730c73b32,https://avatars.akamai.steamstatic.com/5cfa5cfa91e9f90ca6029e64577da90730c73b32_full.jpg,https://steamcommunity.com/profiles/76561198139583233/recommended/2351890/,german,"Zunächst die Demo ausprobiert und nach einem Durchlauf gekauft. Für den Preis und obwohl Early Access ist das Spiel ""geschenkt"". Eigentlich verkauft sich das Spiel, auch in diesem Stadium, unter Wert. Wo andere, fertige Spiele lächerlich hohe Preise für wenig bis null Spielspaß verlangen, bekommt man dieses Spiel fast gratis. Für mich passt hier so ziemlich alles. Die Aufmachung im Retrostil ist genial. Sowohl die Musik als auch die Grafik sind perfekt passend. Das Spiel an sich fesselt direkt und es kommt sofort das berühmte ""Nur-noch-ein-Run-Gefühl"" auf, obwohl es nicht einfach sondern fordernd ist. Schon lange kein Spiel mehr besessen, das so einen Spaß macht und bei dem ALLES zu passen scheint. Ich hoffe, dass die Entwickler Ihrer Linie treu bleiben und bin gespannt auf weitere Updates und Zusätze. Das Spiel hat direkt einen Platz in meinen Favoriten bekommen. Klare Kaufempfehlung!!!!",04/14/2024 21:42:41,04/14/2024 21:42:41,positive,1,0,0.523809552192688,0,True,False,False,True,,False,0,0,0,0,0,0,0,0,0,0,0,0,0,0,0,0,0,0,0,0,0,0,,,,,,,,,,,,,,,,,,,,
50,162307160,50,76561197972195564,Suddenly Matt!,offline,https://steamcommunity.com/id/claidhmore/,4022,134,71,0,61,04/07/2024 05:54:12,f05078aef280b9317cafb9c8c69accaf68b28da3,https://avatars.akamai.steamstatic.com/f05078aef280b9317cafb9c8c69accaf68b28da3_full.jpg,https://steamcommunity.com/profiles/76561197972195564/recommended/2351890/,english,"This game is stupid fun.

It's a top-down arena shooter roguelike thing with Commodore 64 graphics, synthesized audio and a killer soundtrack. The game's aesthetic flows through the entire game like water - it's positively entrenched in that dystopian 1980s feel, and I relished it.

It's a great stream game, or just something to do that oh-so-fun murder loop. And for literally three bucks, just add it to your next game purchase. Totally worth.",04/06/2024 05:40:58,04/06/2024 05:40:58,positive,3,0,0.52173912525177,0,True,False,False,True,,False,0,0,0,0,0,0,0,0,0,0,0,0,0,0,0,0,0,0,0,0,0,0,,,,,,,,,,,,,,,,,,,,
51,158664830,51,76561199152450990,awaranoid,offline,https://steamcommunity.com/id/awaranoid/,0,35,6108,0,2236,11/15/2025 15:33:53,a7bdf209103db53b58fe97379f442803f55a5478,https://avatars.akamai.steamstatic.com/a7bdf209103db53b58fe97379f442803f55a5478_full.jpg,https://steamcommunity.com/profiles/76561199152450990/recommended/2351890/,english,"It's Arnold Schwarzenegger's ""The Running Man"" if it was a twin-stick survivor-like made in the 1980's. It's great.",02/18/2024 22:11:24,02/18/2024 22:11:24,positive,10,0,0.6235722899436951,0,True,False,False,True,,False,0,0,0,0,0,0,0,0,0,0,0,0,0,0,0,0,0,0,0,0,0,0,,,,,,,,,,,,,,,,,,,,
52,157863936,52,76561197994772440,FlatCap,offline,https://steamcommunity.com/id/doomzor/,0,21,304,0,101,11/18/2024 20:26:37,1fa48f3adeb9594213eb5579244b70f7430ff46e,https://avatars.akamai.steamstatic.com/1fa48f3adeb9594213eb5579244b70f7430ff46e_full.jpg,https://steamcommunity.com/profiles/76561197994772440/recommended/2351890/,english,"One of the better ""Survivors Like""

It still needs polish, weapons need balancing, etc. but this is a damn fun game.

My only request thus far:
 
Please add an Auto Attack Toggle, regardless of whether it will aim for you or not. Just having it would be nice instead of holding down M1. A big draw for me to these games is that many of them can be played one-handed.

",02/08/2024 17:48:46,02/08/2024 17:48:46,positive,4,0,0.5636023879051208,0,True,False,False,True,"Hey Top Hat, thanks for leaving a review! I just wanted to let you know that there is an aim/fire toggle, but you need to unlock 'Advanced Targeting' to use it. Cheers!",False,0,0,0,0,0,0,0,0,0,0,0,0,0,0,0,0,0,0,0,0,0,0,,,,,,,,,,,,,,,,,,,,
53,157155868,53,76561198215182151,viniiiii,offline,https://steamcommunity.com/id/viniaguiaaar/,370,14,202,0,120,11/20/2024 18:40:44,94e06ff56b49314278c45c6251ecfa006bbf968e,https://avatars.akamai.steamstatic.com/94e06ff56b49314278c45c6251ecfa006bbf968e_full.jpg,https://steamcommunity.com/profiles/76561198215182151/recommended/2351890/,brazilian,"BloodDome99 simula de forma branda o capitalismo tard… brincadeira! (ou não!)

Em suma, esse pedacinho de nostalgia, colorido e cheio de partículas de projéteis virtuais é um shooter de arena, que lembra jogos como Ubermosh (gameplay, background e ambientação) e Brotato (gameplay, builds, perks). Nele você atira em uma horda gigantesca de inimigos em troca de dinheiro e pontos de experiências. (...)

Review completa no meu blog: [url=https://prosaneon.wordpress.com/2023/11/28/blooddome99-nostalgia-referencias-e-muita-bala-nesse-shooter-de-arena-estiloso/] prosaneon/blooddome99 [/url]
",01/30/2024 02:01:36,01/30/2024 02:01:36,positive,0,0,0.5,0,False,True,False,True,,False,0,0,0,0,0,0,0,0,0,0,0,0,0,0,0,0,0,0,0,0,0,0,,,,,,,,,,,,,,,,,,,,
54,157077761,54,76561198023231687,pkessler,offline,https://steamcommunity.com/profiles/76561198023231687/,97,12,606,0,241,07/27/2025 20:15:14,523bed88e7ebbe542a5e007f74e5a865a0dc756c,https://avatars.akamai.steamstatic.com/523bed88e7ebbe542a5e007f74e5a865a0dc756c_full.jpg,https://steamcommunity.com/profiles/76561198023231687/recommended/2351890/,english,"I love this game. I think it's insanely addictive and I love the difficult gameplay and visuals. Definitely needs more cool weapons, but a great start.",01/28/2024 23:02:09,01/28/2024 23:02:09,positive,0,0,0.5,0,True,False,False,True,,False,0,0,0,0,0,0,0,0,0,0,0,0,0,0,0,0,0,0,0,0,0,0,,,,,,,,,,,,,,,,,,,,
55,156219884,55,76561199466615819,TicketyBoo,offline,https://steamcommunity.com/profiles/76561199466615819/,125,60,670,0,670,03/04/2024 07:51:21,327e84c9e4424e136fc90866f19b14d4c73e8b08,https://avatars.akamai.steamstatic.com/327e84c9e4424e136fc90866f19b14d4c73e8b08_full.jpg,https://steamcommunity.com/profiles/76561199466615819/recommended/2351890/,english,"Very good rogulike, well balanced, unique abilities, addictive gameplay",01/18/2024 09:34:24,02/10/2026 23:08:14,positive,1,0,0.5,0,True,False,False,True,,False,0,0,0,0,0,0,0,0,0,0,0,0,0,0,0,0,0,0,0,0,0,0,,,,,,,,,,,,,,,,,,,,
56,155865695,56,76561197987992002,GenghisConnery,offline,https://steamcommunity.com/profiles/76561197987992002/,785,14,57,0,57,01/13/2024 06:37:06,3b19350d9ae546b6951b5e6b1d8825a60b6a5453,https://avatars.akamai.steamstatic.com/3b19350d9ae546b6951b5e6b1d8825a60b6a5453_full.jpg,https://steamcommunity.com/profiles/76561197987992002/recommended/2351890/,english,Fun game that feels a lot like Smash TV,01/13/2024 06:40:45,01/13/2024 06:40:45,positive,0,0,0.5,0,True,False,False,True,,False,0,0,0,0,0,0,0,0,0,0,0,0,0,0,0,0,0,0,0,0,0,0,,,,,,,,,,,,,,,,,,,,
57,155585924,57,76561199085155649,LargeAss Monke,online,https://steamcommunity.com/id/Datboygoapeforkeef/,0,8,587,0,197,03/23/2025 01:58:06,d4371bdba4c8c3484bc5b88edc6ee3c15d2bc250,https://avatars.akamai.steamstatic.com/d4371bdba4c8c3484bc5b88edc6ee3c15d2bc250_full.jpg,https://steamcommunity.com/profiles/76561199085155649/recommended/2351890/,english,"very fun lil point and click, ik ive only played for 3 hours but ive enjoyed every minute of it, from the music, to the sounds, to the lil guns you can unlock 8.8/10 imo",01/08/2024 23:45:11,01/08/2024 23:45:11,positive,0,0,0.5,0,True,False,False,True,,False,0,0,0,0,0,0,0,0,0,0,0,0,0,0,0,0,0,0,0,0,0,0,,,,,,,,,,,,,,,,,,,,
58,154903820,58,76561199375470975,VillainActual,online,https://steamcommunity.com/profiles/76561199375470975/,488,56,501,0,116,01/22/2024 23:49:12,cafb7e2e29eebc4b82bc6850291d2a38329c3aaa,https://avatars.akamai.steamstatic.com/cafb7e2e29eebc4b82bc6850291d2a38329c3aaa_full.jpg,https://steamcommunity.com/profiles/76561199375470975/recommended/2351890/,english,"Already got my moneys worth, and going back for more.

Is it a new concept - No.... But the presentation rules.

And why is the level music such a vibe? That John Blooddome is a genius..",12/31/2023 16:33:24,01/01/2024 12:21:12,positive,1,0,0.5,0,True,False,False,True,,False,0,0,0,0,0,0,0,0,0,0,0,0,0,0,0,0,0,0,0,0,0,0,,,,,,,,,,,,,,,,,,,,
59,154429920,59,76561198042973422,IranianLightening,offline,https://steamcommunity.com/profiles/76561198042973422/,0,1,917,0,31,11/28/2024 01:05:38,f2964762f7c9d1ac7736e7557307b745af7cb101,https://avatars.akamai.steamstatic.com/f2964762f7c9d1ac7736e7557307b745af7cb101_full.jpg,https://steamcommunity.com/profiles/76561198042973422/recommended/2351890/,english,This game is super fun and addicting. I really enjoy this one! Feels like an old school arcade game,12/26/2023 07:15:50,12/26/2023 07:15:50,positive,2,0,0.5,0,True,False,False,True,,False,0,0,0,0,0,0,0,0,0,0,0,0,0,0,0,0,0,0,0,0,0,0,,,,,,,,,,,,,,,,,,,,
60,154411191,60,76561197970539229,vMeezo,online,https://steamcommunity.com/id/vmeezo/,14651,3230,217,0,80,05/03/2024 13:20:09,59302143832fbb719db5cba5219d0b8ec324d565,https://avatars.akamai.steamstatic.com/59302143832fbb719db5cba5219d0b8ec324d565_full.jpg,https://steamcommunity.com/profiles/76561197970539229/recommended/2351890/,english,"It certainly feels like more of the simple bullet hell/action roguelike's that came out this year - but it's been steadily growing in the best possible ways during Early Access.  Great music, lots of fun weapons, a real feeling of progression, and just solid entertaining gameplay.  Basically this is a great game for the price.",12/26/2023 01:15:41,12/26/2023 01:15:41,positive,1,0,0.46875,0,False,True,False,True,,False,0,0,0,0,0,0,0,0,0,0,0,0,0,0,0,0,0,0,0,0,0,0,,,,,,,,,,,,,,,,,,,,
61,154150360,61,76561199243485652,Elizabeth Regina,offline,https://steamcommunity.com/profiles/76561199243485652/,0,22,840,0,193,11/08/2024 16:57:00,d162edd8eeda0f04b02f0bf1d016dd52aac2dd82,https://avatars.akamai.steamstatic.com/d162edd8eeda0f04b02f0bf1d016dd52aac2dd82_full.jpg,https://steamcommunity.com/profiles/76561199243485652/recommended/2351890/,english,"One shudders to think that this is exactly what would have happened in real life if Mrs Thatcher had not stood her ground and refused that nice Mr Reagan's offer to sort out the Falklands affair with one of his Carrier Fleets.

Still, one does greatly enjoy murdering a great many people in the BloodDome. One assumes that they're poors, or influencers, or whatnot.",12/22/2023 19:47:19,12/22/2023 19:47:19,positive,1,2,0.5,0,True,False,False,True,,False,0,0,0,0,0,0,0,0,0,0,0,0,0,0,0,0,0,0,0,0,0,0,,,,,,,,,,,,,,,,,,,,
62,153988590,62,76561197991044170,Spadis,offline,https://steamcommunity.com/id/spadis/,0,18,2255,59,163,09/16/2026 15:34:08,7b1500191cf5a0d4700d6a36570727b362efaf74,https://avatars.akamai.steamstatic.com/7b1500191cf5a0d4700d6a36570727b362efaf74_full.jpg,https://steamcommunity.com/profiles/76561197991044170/recommended/2351890/,english,"10/10 - One of my favourite games of 2023. 

My only negative comment is that sometimes you get few too many fast enemies (runners) 
Apart from that the game is almost perfect.
Really looking forward to seeing what's to come with future updates, but even in early access this is still worth a buy at this stage in  my book.

I hope the developer add's additional passive upgrades such as increasing movement speed, dash charges and collection range among other upgrades in future patches, as currently you can only unlock extra perks/weapons/cosmetics for future runs.",12/20/2023 12:19:51,12/23/2023 00:00:24,positive,4,0,0.5454545617103577,0,True,False,False,True,,False,0,0,0,0,0,0,0,0,0,0,0,0,0,0,0,0,0,0,0,0,0,0,,,,,,,,,,,,,,,,,,,,
63,153838236,63,76561197961230622,Insanitys Muse,online,https://steamcommunity.com/id/insanitysmuse/,2080,198,179,0,179,12/18/2023 05:31:47,5fc8411c2c70ef324f3bc0280d7cfde9ac3dc608,https://avatars.akamai.steamstatic.com/5fc8411c2c70ef324f3bc0280d7cfde9ac3dc608_full.jpg,https://steamcommunity.com/profiles/76561197961230622/recommended/2351890/,english,"tl;dr: Yes, but as long as you're OK with a pretty simple, short, semi-novel take on a bullet heaven. 

The arguably most interesting thing in BloodDome99 is the dynamic between levels and money. You get money automatically by killing enemies, but you have to pick up their XP to level. When you level, your funds determine what possible perks you can afford (also weapons, which drop in via drone every so often during a run). When you hit 300k of funds, the boss spawns, and killing the boss ends the run. So maximizing XP you pick up, and spending on the biggest things you can, will give you more power, at the cost of a longer run (there is a scoreboard for that, but TBH it's pretty pointless right now due to the RNG of the game, so if you care about score attack stuff I wouldn't take it seriously).

That's really the main gimmick here for this entry into the genre. Right now there's only 1 level (and I'm not really sure what more levels would mean for something like this). There are a few enemies but only 1, besides the boss, is a threat, and I think that's due to either a bug or questionable design. You can basically win 100% of your runs by taking a pistol or katana to start, and just taking every +offensive perk option you see when you level up (and avoid taking the income increasing ones since that means your funds eclipse your levels too fast). 

On the surface that's fine, I like when these games don't require meta upgrades to beat the base difficulty. The thing is, there aren't any meta upgrades, there are just more perks and weapon options to unlock, and a lot of them aren't really good (or they require a lot of other luck getting synergies to be good).

After 3 hours I feel like I've seen what it has to offer, and it's fun enough for 3 bucks, but just know what to expect when you grab it. Since it's EA this could well change but right now the balance of the game makes it pretty stale pretty quickly compared to a lot of these types. I don't mind having a truly short entry though, better in some ways than the ones where you have to repetitively grind something often frustrating 80 times to get an achievement or unlock (looking at you, Army of Ruin)",12/18/2023 05:59:19,12/18/2023 05:59:19,positive,7,0,0.5870084166526794,0,True,False,False,True,,False,0,0,0,0,0,0,0,0,0,0,0,0,0,0,0,0,0,0,0,0,0,0,,,,,,,,,,,,,,,,,,,,
64,153539823,64,76561198119598326,JHG,in-game,https://steamcommunity.com/id/JHGaming/,698,264,1566,0,1510,03/14/2025 19:10:17,6735691fdf3a82afaf5d3ad33f90160623da5057,https://avatars.akamai.steamstatic.com/6735691fdf3a82afaf5d3ad33f90160623da5057_full.jpg,https://steamcommunity.com/profiles/76561198119598326/recommended/2351890/,english,"[b][h1]BloodDome99[/h1][/b]BloodDome99 is a typical bullet-heaven in an 80's arcade style, it doesn't do a whole lot new with the genre, but it also doesn't overstay it's welcome. It's damn cheap and you get your money's worth.

[b][h2]Gameplay[/h2][/b]You kill enemies to gain money and exp, when you level up you spend the money you gained on upgrades, when you reach 300,000$ the final boss spawns and you must kill it and have 300,000$ to win the run. This makes for an interesting dynamic of spending more to delay and prepare for the boss or underspending to rush the boss for a good leaderboard position.

The weapons and perks in the game aren't particularly anything new for the genre, it plays very similar to Neon Sundown or 20 Minutes Till Dawn, particularly in having a movement penalty when auto-shooting.

You unlock more weapons and perks through completing certain tasks, these aren't really shown to you, you just achieve them as you go. It would be better if there was some way to see these. At the end of the run the amount of money you have is the amount of meta-currency you have to spend on buying new stuff from the vending machine, which adds to that strategic sense of when to end your run.

There are multiple arenas and bosses for them with varying attack patterns. There are a handful of challenging difficulty modifiers with a ""weight"" value, with a seperate leaderboard for every weight on every map, it's a super cool system.

[b][h2]Achievements (26/26)[/h2][/b]The achievements aren't all straightforward as most of them don't tell you what to do, so I recommend my guide.
https://steamcommunity.com/sharedfiles/filedetails/?id=3106913487 side note: the 130 weight achievement is one hell of a challenge.

[b][h2]Music/sound[/h2][/b]For completing certain tasks you can unlock and buy a variety of music tracks, you can switch between these retro beats in the lobby, so it won't really get repetitive. I like the announcer for the blooddome, they have multiple lines for certain scenarios and it really adds to the game.

[b][h2]Settings/Accessibility[/h2][/b]Unlockable advanced targeting. Twitch integration to allow viewers to vote on level-up choices. Keyboard, mouse and gamepad supported. Only English Language.

[b][h2]TL;DR[/h2][/b]
Short but sweet bullet-heaven in an 80's arcade style for a very low price. Unique gameplay loop with money-management. Variety of unlockable perks. Leaderboards. Achievements need a guide, so use mine!

[quote][url=https://store.steampowered.com/curator/39729435-JHG-Reviews/?appid=2218750]Check out my Curator page[/url][/quote]",12/14/2023 00:40:22,02/10/2025 18:00:37,positive,2,0,0.5,0,True,False,False,True,,False,0,0,0,0,0,0,0,0,0,0,0,0,0,0,0,0,0,0,0,0,0,0,,,,,,,,,,,,,,,,,,,,
65,153447724,65,76561199046595988,BadIndent,online,https://steamcommunity.com/profiles/76561199046595988/,52,2,106,0,73,12/20/2023 04:15:06,8263a0c99ce591a9116e3003e3299a70ecde6121,https://avatars.akamai.steamstatic.com/8263a0c99ce591a9116e3003e3299a70ecde6121_full.jpg,https://steamcommunity.com/profiles/76561199046595988/recommended/2351890/,english,"The only trickle down here is bloodshed, a truly gross domestic product. Loot the dead. Stack your weapons. Buff your stuff. Cut coupons. Yes, the motorcycles explode. Further good news is that no reloading makes for a real murderous flow state. Just spray and pray. Where do all the bodies go? We may never know. Tonight, the family feasts on actual hot dogs, with chili AND cheese product. God willing.

Also, great music for murdering.",12/12/2023 15:57:14,12/12/2023 15:57:26,positive,2,0,0.523809552192688,0,False,False,False,True,,False,0,0,0,0,0,0,0,0,0,0,0,0,0,0,0,0,0,0,0,0,0,0,,,,,,,,,,,,,,,,,,,,
66,153444955,66,76561198031974030,DreadBeard,offline,https://steamcommunity.com/profiles/76561198031974030/,0,14,1019,0,172,11/26/2024 01:41:54,eb0a4ee49c269397578c0bc820f36984221a51aa,https://avatars.akamai.steamstatic.com/eb0a4ee49c269397578c0bc820f36984221a51aa_full.jpg,https://steamcommunity.com/profiles/76561198031974030/recommended/2351890/,english,Well worth the price. Having fun trying to strategize my upgrades to increase my position on the leaderboard.,12/12/2023 15:11:48,12/12/2023 15:11:48,positive,0,0,0.5,0,True,False,False,True,,False,0,0,0,0,0,0,0,0,0,0,0,0,0,0,0,0,0,0,0,0,0,0,,,,,,,,,,,,,,,,,,,,
67,153416419,67,76561197985745273,Automaton,offline,https://steamcommunity.com/id/automatonomega/,422,156,701,0,218,05/03/2025 06:10:59,8d145ead1b972a712d774233922921d7da08aead,https://avatars.akamai.steamstatic.com/8d145ead1b972a712d774233922921d7da08aead_full.jpg,https://steamcommunity.com/profiles/76561197985745273/recommended/2351890/,english,Lots of influence from Robotron and Smash TV,12/12/2023 03:33:08,12/12/2023 03:33:08,positive,0,0,0.5,0,True,False,False,True,,False,0,0,0,0,0,0,0,0,0,0,0,0,0,0,0,0,0,0,0,0,0,0,,,,,,,,,,,,,,,,,,,,
68,153381895,68,76561199243224012,The Fox Knocks,offline,https://steamcommunity.com/profiles/76561199243224012/,0,17,81,0,81,11/22/2023 11:50:15,93e7d52a5466612db96a654ef483e801dab2f8f7,https://avatars.akamai.steamstatic.com/93e7d52a5466612db96a654ef483e801dab2f8f7_full.jpg,https://steamcommunity.com/profiles/76561199243224012/recommended/2351890/,english,"Game is actually pretty fun. This might be the kind of game you look at and have doubts, but the fun you can have with it will take you by surprise. I was a little skeptical too, but no, BD99 is actually super awesome. Buy it and see for yourself. It's cheap!",12/11/2023 16:58:51,12/11/2023 16:58:51,positive,0,0,0.5,0,False,False,False,True,,False,0,0,0,0,0,0,0,0,0,0,0,0,0,0,0,0,0,0,0,0,0,0,,,,,,,,,,,,,,,,,,,,
69,153356091,69,76561198018625414,Rlyeh,offline,https://steamcommunity.com/id/_Rlyeh/,4905,1951,396,0,252,05/11/2024 19:24:59,d4841d984f8b09309076b7c81f764235c6c1ecd8,https://avatars.akamai.steamstatic.com/d4841d984f8b09309076b7c81f764235c6c1ecd8_full.jpg,https://steamcommunity.com/profiles/76561198018625414/recommended/2351890/,japanese,"[h1]30万＄稼いで自由を手に入れろ！[/h1]
日本語未対応、早期アクセス

8ビットテイストなレトロVS系
ローグライクだがパッシブ強化は無くローグライトに近い
引継ぎ要素は稼いだお金で買える武器やスキンの解放など

アリーナ形式のVSライクで30万＄を稼げば自由が手に入る…
時間制限はなく30万＄に近くなると出現するチャンピオンボスを倒せばクリア

特色の一つがパワーアップはアリーナで稼いだお金で出来る事
初期武器（SMG、カタナ、ピストル）のうち一つを選び
倒せば倒すほどお金が貰えるがパワーアップを重ねていくと
出費もかさむ…という強くなりたいけどもどかしい！
というシステムが面白いと思う

死亡した場合、ロビーに帰還して新たな武器を自販で購入したり
気分を変えるためにBGMを変更したりが出来る

途中本が販売されていることがあり
それを購入すると今まで入手したパワーアップのうち
ON/OFFが出来るようになるので攻略を考えている人は
余分な武器が出ないように調整も出来る

新しいパークもお金で解放されていくので
失敗してもロビーに一度戻れば自販ガチャがあるので
悔しいが楽しい

シンプルなシステムとアイデアで
別のVSライクとは一線が画したいい作品である

[code]
Steamキュレーターで紹介しました
[URL=https://store.steampowered.com/curator/41056472/]「3D酔いでもゲームがしたい」[/URL]　[URL=https://twitter.com/_Rlyeh]Twitter（X）[/URL]
毎日更新してます！
[/code]",12/11/2023 07:47:08,12/11/2023 15:37:46,positive,10,0,0.5790828466415405,0,True,False,False,True,,False,0,0,0,0,0,0,1,0,0,0,0,0,0,0,0,0,0,0,0,0,0,0,,,,,,,,,,,,,,,,,,,,
70,153246262,70,76561198024924823,Brash Balls,offline,https://steamcommunity.com/id/antgly/,411,11,686,0,253,12/04/2025 04:37:31,362110ba7461e6c89df517cb30765a618a075aea,https://avatars.akamai.steamstatic.com/362110ba7461e6c89df517cb30765a618a075aea_full.jpg,https://steamcommunity.com/profiles/76561198024924823/recommended/2351890/,english,"""I'VE GOT A GIFT FOR YOU""

This game's awesome... it'll take a moment, but it'll grow on you after playing it for a bit.",12/09/2023 22:57:46,12/09/2023 22:57:46,positive,1,0,0.523809552192688,0,True,False,False,True,,True,0,0,0,0,0,0,0,0,0,0,0,0,0,0,0,0,0,0,0,0,0,0,,,,,,,,,,,,,,,,,,,,
71,153178672,71,76561198142353981,Scottdogg,online,https://steamcommunity.com/profiles/76561198142353981/,0,2,714,0,118,06/14/2024 22:35:42,b93f04b9194fba8980a2dc74947d47d0087ba113,https://avatars.akamai.steamstatic.com/b93f04b9194fba8980a2dc74947d47d0087ba113_full.jpg,https://steamcommunity.com/profiles/76561198142353981/recommended/2351890/,english,I like this game. I feel like they did a good job with everything. I definitely like that challenge the game brings and will continue to play this game.,12/09/2023 05:13:54,12/09/2023 05:13:54,positive,0,0,0.5,0,True,False,False,True,,False,0,0,0,0,0,0,0,0,0,0,0,0,0,0,0,0,0,0,0,0,0,0,,,,,,,,,,,,,,,,,,,,
72,153157358,72,76561198983526007,lukimrk,online,https://steamcommunity.com/id/lukimrk/,117,9,278,0,191,12/09/2025 00:19:21,8707319fd87ef78f9c3166d44d5a928d72230415,https://avatars.akamai.steamstatic.com/8707319fd87ef78f9c3166d44d5a928d72230415_full.jpg,https://steamcommunity.com/profiles/76561198983526007/recommended/2351890/,english,"I love how much lore is hinted at in this game without you even needing to read more than a paragraph. This is definitely one of the indie games I have purchased and actually continued playing over time. This is like bloodome classic, but better.",12/08/2023 22:45:41,12/08/2023 22:45:41,positive,2,0,0.5,0,True,False,False,True,,False,0,0,0,0,0,0,0,0,0,0,0,0,0,0,0,0,0,0,0,0,0,0,,,,,,,,,,,,,,,,,,,,
73,153138157,73,76561197992664057,LoveBullets,offline,https://steamcommunity.com/id/lovebullets/,398,2,103,0,103,12/07/2023 07:55:14,168ee0e4e537461a7a59311cc84db5022e739027,https://avatars.akamai.steamstatic.com/168ee0e4e537461a7a59311cc84db5022e739027_full.jpg,https://steamcommunity.com/profiles/76561197992664057/recommended/2351890/,english,"This game somehow manages to keep my ADHD at bay and is a ton of fun. I can slay the endless waves of increasingly annoying bad guys with my SMG+katana combo without worrying about those other important life things, like doing laundry or feeding the kids.
Addictive, fun, retro, funny, and priced lower than it should be. I give it all the thumbs up. If you're some sort of gaming god and you think this is too easy, try playing it on a laptop trackpad.",12/08/2023 18:08:20,12/08/2023 18:08:20,positive,1,0,0.5,0,True,False,False,True,,False,0,0,0,0,0,0,0,0,0,0,0,0,0,0,0,0,0,0,0,0,0,0,,,,,,,,,,,,,,,,,,,,
74,153071145,74,76561198043367667,Samvega,offline,https://steamcommunity.com/id/SamsaraSamvega/,2264,922,115,0,53,01/14/2024 13:49:27,c11f26eab16a90b9a1e7a7e0c1b39c9913f2823e,https://avatars.akamai.steamstatic.com/c11f26eab16a90b9a1e7a7e0c1b39c9913f2823e_full.jpg,https://steamcommunity.com/profiles/76561198043367667/recommended/2351890/,english,Ridiculously fun. An absolute steal at the launch discount of 20% off.,12/07/2023 22:01:09,12/07/2023 22:01:09,positive,1,0,0.5,0,True,False,False,True,,False,0,0,0,0,0,0,0,0,0,0,0,0,0,0,0,0,0,0,0,0,0,0,,,,,,,,,,,,,,,,,,,,
75,153059145,75,76561198846720242,Jerry_Rigged,offline,https://steamcommunity.com/profiles/76561198846720242/,96,8,370,0,121,01/24/2024 21:02:38,e8ef2b11eee5e2b7b13c3a82cbbbb5e4efdb454a,https://avatars.akamai.steamstatic.com/e8ef2b11eee5e2b7b13c3a82cbbbb5e4efdb454a_full.jpg,https://steamcommunity.com/profiles/76561198846720242/recommended/2351890/,english,"This game is fantastic. At first glance you would think it might be some sort of chill arcade game, but its actually a very very intense, engaging game. It has me thinking about strategy and how I can choose the best power ups to work with whatever weapons I already have. For the price of 6 mcnuggets you can have hours and hours of fun

10/10",12/07/2023 19:19:30,12/07/2023 19:19:30,positive,4,0,0.523809552192688,0,True,False,False,True,,False,0,0,0,0,0,0,0,0,0,0,0,0,0,0,0,0,0,0,0,0,0,0,,,,,,,,,,,,,,,,,,,,
76,152975294,76,76561198091738800,Prey,offline,https://steamcommunity.com/profiles/76561198091738800/,369,16,96,0,96,12/06/2023 10:00:21,57524ef516875a75cb26a3fe7b2d7f05832ca8a3,https://avatars.akamai.steamstatic.com/57524ef516875a75cb26a3fe7b2d7f05832ca8a3_full.jpg,https://steamcommunity.com/profiles/76561198091738800/recommended/2351890/,english,Basic rogue-like game play with fantastic retro graphics. Fun new objective to race the clock,12/06/2023 10:01:21,12/06/2023 10:01:21,positive,2,0,0.5,0,True,False,False,True,,False,0,0,0,0,0,0,0,0,0,0,0,0,0,0,0,0,0,0,0,0,0,0,,,,,,,,,,,,,,,,,,,,
77,152962837,77,76561197973017815,Your Best Friend,offline,https://steamcommunity.com/id/YourBestestFriendEver/,0,20,1098,0,177,03/28/2026 02:31:59,70fa015ac799ddfa7c1bdfc3b029e85e8a5198b9,https://avatars.akamai.steamstatic.com/70fa015ac799ddfa7c1bdfc3b029e85e8a5198b9_full.jpg,https://steamcommunity.com/profiles/76561197973017815/recommended/2351890/,english,"it's good
full disclosure i have received friendship in exchange for this review",12/06/2023 03:49:50,12/06/2023 03:49:50,positive,0,1,0.5,0,False,False,False,True,,True,0,0,0,0,0,0,0,0,0,0,0,0,0,0,0,0,0,0,0,0,0,0,,,,,,,,,,,,,,,,,,,,
78,152962557,78,76561198084672710,StudioTempura,offline,https://steamcommunity.com/profiles/76561198084672710/,0,2,1018,0,379,01/02/2024 22:31:59,7ae70ea5cab227caec0e4998d4917ff34023eccb,https://avatars.akamai.steamstatic.com/7ae70ea5cab227caec0e4998d4917ff34023eccb_full.jpg,https://steamcommunity.com/profiles/76561198084672710/recommended/2351890/,english,"I'm completely addicted. So far I've unlocked the Bee Gun and the Fractal Gun. It's so much fun. It's challenging and fast paced but even with kill-buy-kill-buy cycle, it never feels monotonous. Worth the buy!",12/06/2023 03:42:59,12/06/2023 03:42:59,positive,1,0,0.5,0,True,False,False,True,,False,0,0,0,0,0,0,0,0,0,0,0,0,0,0,0,0,0,0,0,0,0,0,,,,,,,,,,,,,,,,,,,,
79,152958176,79,76561197979595666,slidejones,offline,https://steamcommunity.com/profiles/76561197979595666/,0,2,6950,0,558,02/29/2024 01:03:24,ad03fdcd271a755d4706133696931466c2680aed,https://avatars.akamai.steamstatic.com/ad03fdcd271a755d4706133696931466c2680aed_full.jpg,https://steamcommunity.com/profiles/76561197979595666/recommended/2351890/,english,"When I saw the facebook ad for this game I had to try it out.  This is a great palette cleanser to the more serious games I play (ie. simulators, strategy, rpg.)  No metas, no whales, no lfg in lobbies full of whiny pre-teens.  The game itself is a blast, and a great bargain for the price (I paid less than $3 USD).  This game is very addictive and super replayable.  You'll want to try every crazy weapon combo to finally beat the boss as fast as possible. I currently have the 26th fastest completion time.",12/06/2023 01:45:23,12/06/2023 01:45:23,positive,3,0,0.5,0,True,False,False,True,,False,0,0,0,0,0,0,0,0,0,0,0,0,0,0,0,0,0,0,0,0,0,0,,,,,,,,,,,,,,,,,,,,
80,152952989,80,76561197979272932,Аниме Томбойка,online,https://steamcommunity.com/id/Dimandia/,817,19,1370,0,323,12/01/2024 02:33:07,f78c82a265cdbeef46a9850c71dcbbde3c6bd445,https://avatars.akamai.steamstatic.com/f78c82a265cdbeef46a9850c71dcbbde3c6bd445_full.jpg,https://steamcommunity.com/profiles/76561197979272932/recommended/2351890/,russian,I LOVE THIS GAME,12/05/2023 23:32:59,12/05/2023 23:32:59,positive,1,0,0.4707242548465729,0,False,False,False,True,,False,0,0,0,0,0,0,0,0,0,0,0,0,0,0,0,0,0,0,0,0,0,0,,,,,,,,,,,,,,,,,,,,
81,152941562,81,76561198054561594,CRISPYASSBACON,offline,https://steamcommunity.com/profiles/76561198054561594/,0,6,252,0,27,11/26/2024 03:27:13,46c514abdbc2b4f024e0ce42b8488339c56a4732,https://avatars.akamai.steamstatic.com/46c514abdbc2b4f024e0ce42b8488339c56a4732_full.jpg,https://steamcommunity.com/profiles/76561198054561594/recommended/2351890/,english,This game is incredible! The level of love and care put into creating this game shows and the developer is only getting started. I highly recommend this game to anyone on the fence about buying. It is well worth it.,12/05/2023 19:40:41,12/05/2023 19:40:41,positive,4,0,0.523809552192688,0,False,False,False,True,,False,0,0,0,0,0,0,0,0,0,0,0,0,0,0,0,0,0,0,0,0,0,0,,,,,,,,,,,,,,,,,,,,
82,152933889,82,76561197979403155,H E A T H E N 異教徒,offline,https://steamcommunity.com/id/RealHeathenKing/,238,9,211,0,191,12/05/2023 17:36:02,a0745b0d46a0d3f85fe82fb17324c3036e314ee1,https://avatars.akamai.steamstatic.com/a0745b0d46a0d3f85fe82fb17324c3036e314ee1_full.jpg,https://steamcommunity.com/profiles/76561197979403155/recommended/2351890/,english,"An engaging, exciting, fast-paced, top-down shooter, done in a radical 80s retro style aesthetic from the visuals down to the audio... with even more to come!

",12/05/2023 17:14:58,12/05/2023 17:14:58,positive,3,0,0.5,0,True,False,False,True,,False,0,0,0,0,0,0,0,0,0,0,0,0,0,0,0,0,0,0,0,0,0,0,,,,,,,,,,,,,,,,,,,,
83,152918133,83,76561199047021957,____lame____,offline,https://steamcommunity.com/id/AnxiousNoob/,0,9,147,0,126,12/05/2023 12:07:26,a8091fa7e1c73cf1289ef49f74e105e0c0f5562f,https://avatars.akamai.steamstatic.com/a8091fa7e1c73cf1289ef49f74e105e0c0f5562f_full.jpg,https://steamcommunity.com/profiles/76561199047021957/recommended/2351890/,english,"Super fun, colourful, nostalgic bullet hell!",12/05/2023 11:48:25,12/05/2023 11:48:25,positive,2,0,0.5,0,True,False,False,True,,False,0,0,0,0,0,0,0,0,0,0,0,0,0,0,0,0,0,0,0,0,0,0,,,,,,,,,,,,,,,,,,,,
84,152914997,84,76561198005462863,cookie,online,https://steamcommunity.com/profiles/76561198005462863/,0,53,170,0,77,11/16/2024 17:21:39,fb03c70f49b00e263e6b857075aa2cf08c6e9efe,https://avatars.akamai.steamstatic.com/fb03c70f49b00e263e6b857075aa2cf08c6e9efe_full.jpg,https://steamcommunity.com/profiles/76561198005462863/recommended/2351890/,english,Pretty neat.,12/05/2023 10:10:10,12/05/2023 10:10:10,positive,2,0,0.5189872980117798,0,True,False,False,True,,False,0,0,0,0,0,0,0,0,0,0,0,0,0,0,0,0,0,0,0,0,0,0,,,,,,,,,,,,,,,,,,,,
85,152908906,85,76561198005690086,Epzo,offline,https://steamcommunity.com/id/epzo/,0,3,1486,0,123,03/13/2025 00:42:26,4e1ba54b690a582a264d625f95ada6ff38a96b7e,https://avatars.akamai.steamstatic.com/4e1ba54b690a582a264d625f95ada6ff38a96b7e_full.jpg,https://steamcommunity.com/profiles/76561198005690086/recommended/2351890/,english,"Great game! It's challenging, has multiple ways to play, and the vibe is 🤌

Excited to unlock all the perks and see what builds I can eventually make.",12/05/2023 06:38:13,12/05/2023 06:38:13,positive,2,0,0.5,0,False,True,False,True,,False,0,0,0,0,0,0,0,0,0,0,0,0,0,0,0,0,0,0,0,0,0,0,,,,,,,,,,,,,,,,,,,,
86,152907773,86,76561199050035015,BoomMaster19,offline,https://steamcommunity.com/profiles/76561199050035015/,0,1,72,0,50,03/31/2024 06:57:41,1c0b5c37a442a2d39f32902ec42f2e26ba6a142e,https://avatars.akamai.steamstatic.com/1c0b5c37a442a2d39f32902ec42f2e26ba6a142e_full.jpg,https://steamcommunity.com/profiles/76561199050035015/recommended/2351890/,english,"A friend recommended this game and I gave it a try thinking I was going to play just a few rounds but an hour later I was still playing!! Its a simple game but it seems there is way more depth than I have found yet! I also love the style, you dont see it very often any more",12/05/2023 06:04:32,12/05/2023 06:04:32,positive,3,0,0.5,0,True,False,False,True,,False,0,0,0,0,0,0,0,0,0,0,0,0,0,0,0,0,0,0,0,0,0,0,,,,,,,,,,,,,,,,,,,,
87,152904886,87,76561198167753526,bigzeus454,offline,https://steamcommunity.com/profiles/76561198167753526/,0,1,36,0,35,01/08/2024 00:24:53,249c1c23b1c7e076cf97f619621a64664256dbff,https://avatars.akamai.steamstatic.com/249c1c23b1c7e076cf97f619621a64664256dbff_full.jpg,https://steamcommunity.com/profiles/76561198167753526/recommended/2351890/,english,"Loving it so far! Retro theme gives me nostalgia vibes for sure, and the music kicks ass. Every round I tell myself just one more, but then there is a new item or upgrade to be explored....",12/05/2023 04:40:13,12/05/2023 04:40:13,positive,3,0,0.5,0,True,False,False,True,,False,0,0,0,0,0,0,0,0,0,0,0,0,0,0,0,0,0,0,0,0,0,0,,,,,,,,,,,,,,,,,,,,
88,152902155,88,76561197994665129,JigPappy,offline,https://steamcommunity.com/id/JigPappy/,0,272,1243,0,708,01/25/2025 22:21:03,4e5b4512f607ace74aaf799e3269c76547eb0411,https://avatars.akamai.steamstatic.com/4e5b4512f607ace74aaf799e3269c76547eb0411_full.jpg,https://steamcommunity.com/profiles/76561197994665129/recommended/2351890/,english,Great retro twin-stick shooter! I'm loving every minute of it,12/05/2023 03:25:19,12/05/2023 03:25:19,positive,2,0,0.5,0,False,False,False,True,,False,0,0,0,0,0,0,0,0,0,0,0,0,0,0,0,0,0,0,0,0,0,0,,,,,,,,,,,,,,,,,,,,
89,152896109,89,76561198017502252,kang bagus,offline,https://steamcommunity.com/id/thatsgoodbro/,0,17,366,0,237,05/02/2024 23:25:52,41c52e8f4a88f83b595a72311155e4cd02935a71,https://avatars.akamai.steamstatic.com/41c52e8f4a88f83b595a72311155e4cd02935a71_full.jpg,https://steamcommunity.com/profiles/76561198017502252/recommended/2351890/,english,Super fun arena horde survival. Can create some insane builds. Hint: Fractal Gun! :),12/05/2023 00:36:32,12/05/2023 00:36:32,positive,2,0,0.5,0,False,False,False,True,,False,0,0,0,0,0,0,0,0,0,0,0,0,0,0,0,0,0,0,0,0,0,0,,,,,,,,,,,,,,,,,,,,
90,152895786,90,76561199033276021,sloblin,offline,https://steamcommunity.com/profiles/76561199033276021/,0,2,24,0,24,12/05/2023 00:25:25,fef49e7fa7e1997310d705b2a6158ff8dc1cdfeb,https://avatars.akamai.steamstatic.com/fef49e7fa7e1997310d705b2a6158ff8dc1cdfeb_full.jpg,https://steamcommunity.com/profiles/76561199033276021/recommended/2351890/,english,Blooddome99 takes everything l loved about Blooddome Classic and elevates it to great new heights. I've only gotten a bit of playtime but I know this is gonna be fun!,12/05/2023 00:26:42,12/05/2023 00:26:42,positive,5,0,0.5,0,True,False,False,True,,False,0,0,0,0,0,0,0,0,0,0,0,0,0,0,0,0,0,0,0,0,0,0,,,,,,,,,,,,,,,,,,,,
91,152895508,91,76561198119818261,Gideon Cat,offline,https://steamcommunity.com/profiles/76561198119818261/,0,5,94,0,94,09/16/2023 00:36:46,c87c99ae3c69627722bbdb149df15ce1956569e9,https://avatars.akamai.steamstatic.com/c87c99ae3c69627722bbdb149df15ce1956569e9_full.jpg,https://steamcommunity.com/profiles/76561198119818261/recommended/2351890/,english,"Super fun gameplay, even if youre terrible at games like I am, the music is mad catchy, and all the weapons actually feel fun. My favorite is easily the katana. I can see myself spending way too much time on this game.",12/05/2023 00:18:32,12/05/2023 00:18:32,positive,2,0,0.5,0,False,False,False,True,,False,0,0,0,0,0,0,0,0,0,0,0,0,0,0,0,0,0,0,0,0,0,0,,,,,,,,,,,,,,,,,,,,
92,152894788,92,76561198853366381,yukito,offline,https://steamcommunity.com/id/yukito0908/,1528,72,979,0,112,11/16/2024 05:15:32,441693e56340c3598417b76162b3f8a1247f1e9f,https://avatars.akamai.steamstatic.com/441693e56340c3598417b76162b3f8a1247f1e9f_full.jpg,https://steamcommunity.com/profiles/76561198853366381/recommended/2351890/,japanese,"[h1]80s / 90s を感じられるレトロアーケードゲームっぽいヴァンサバライク！！[/h1]

どこか懐かしい感じのするヴァンサバライク作品でシンプルなシステムで分かりやすく遊びやすいです。ヴァンサバ好きはもちろん、レトロゲームが好きな方も楽しめるゲームだと思います。itch.ioにある初期の体験版はボリュームが非常に少なく心配になりましたが、Steam版は敵キャラの種類も武器の種類も多くなっていて何種類ものビルドを楽しむことができるようになっていて良かったです。

良くなっていますが、それでもプレイアブルキャラもマップも少ないので非常にボリュームが少なく感じます。キャラもマップも少ないまま行くのであれば、ヴァンサバライク作品ではないですが「Tiny Rogues」のように武器（スキル）を多くして圧倒的な選択肢からビルドできるようにしないと物足りない感じがしてしまいます。あとレトロ調は良いけど目が疲れる配色が多いので目が潰れないようにギラギラ感は抑えて欲しいですｗ

YouTubeで動画投稿をしています！！BloodDome99の動画もあるので見ていただけたら嬉しいです！！参考になれば幸いです♫https://www.youtube.com/watch?v=EisPwB3aqlI&list=PLLvExvhlUmKqIzKSd_zeJs0E9OfM6iwYG&index=1

キュレーター始めました！！興味ある方はぜひフォローしてください♫
https://store.steampowered.com/curator/44643965/",12/05/2023 00:00:14,04/03/2024 14:41:14,positive,31,0,0.7407809495925903,0,False,True,False,True,,False,0,0,0,0,0,0,0,0,0,0,0,0,0,0,0,0,0,0,0,0,0,0,,,,,,,,,,,,,,,,,,,,
93,152888366,93,76561198062446873,Dapper Dan Man,offline,https://steamcommunity.com/id/megaman101p8/,0,4,853,0,494,03/29/2026 04:03:38,cb43270b519266d5b623fe88da7718859dfab524,https://avatars.akamai.steamstatic.com/cb43270b519266d5b623fe88da7718859dfab524_full.jpg,https://steamcommunity.com/profiles/76561198062446873/recommended/2351890/,english,"An excellent game with a darn good soundtrack.

It makes me think back to playing SMASH T.V., the visuals are a good indie pixel, and the sound design is top notch.

A great little game.",12/04/2023 21:35:01,12/04/2023 21:35:01,positive,3,0,0.49070632457733154,0,False,False,False,True,,False,0,0,0,0,0,0,0,0,0,0,0,0,0,0,0,0,0,0,0,0,0,0,,,,,,,,,,,,,,,,,,,,
94,152887783,94,76561198028463039,horatio_cornblower,offline,https://steamcommunity.com/profiles/76561198028463039/,0,1,20,0,20,12/04/2023 21:16:27,611b13f32f47b94d379b8647f86e2c7129d7c5a1,https://avatars.akamai.steamstatic.com/611b13f32f47b94d379b8647f86e2c7129d7c5a1_full.jpg,https://steamcommunity.com/profiles/76561198028463039/recommended/2351890/,english,Deceptively addictive and complex for such a simple looking arcade style game!,12/04/2023 21:22:40,12/04/2023 21:22:40,positive,4,0,0.5,0,True,False,False,True,,False,0,0,0,0,0,0,0,0,0,0,0,0,0,0,0,0,0,0,0,0,0,0,,,,,,,,,,,,,,,,,,,,
95,152887354,95,76561198182271513,wperreault,offline,https://steamcommunity.com/profiles/76561198182271513/,0,2,155,0,56,09/26/2025 04:23:45,fef49e7fa7e1997310d705b2a6158ff8dc1cdfeb,https://avatars.akamai.steamstatic.com/fef49e7fa7e1997310d705b2a6158ff8dc1cdfeb_full.jpg,https://steamcommunity.com/profiles/76561198182271513/recommended/2351890/,english,"I love the way you can save up money now and buy more powerful and rare power-up items to start off the blood dome.  The different weapons that you can get during the match all lend themselves to different playing styles, so there is a lot of replay value.  This game is definitely worth playing.  Its got a fun retro feel to it and I'm still finding new things as I go.",12/04/2023 21:13:53,12/04/2023 21:13:53,positive,1,0,0.5,0,True,False,False,True,,False,0,0,0,0,0,0,0,0,0,0,0,0,0,0,0,0,0,0,0,0,0,0,,,,,,,,,,,,,,,,,,,,
96,152886777,96,76561198295777569,KarmaRave,in-game,https://steamcommunity.com/id/karmarave/,801,27,74,0,51,12/11/2024 00:44:55,0dc4db4756318e97acb6533507dd834eef51fab3,https://avatars.akamai.steamstatic.com/0dc4db4756318e97acb6533507dd834eef51fab3_full.jpg,https://steamcommunity.com/profiles/76561198295777569/recommended/2351890/,english,"A Really different type of Bullet Hell Game, as where one would just cash in for upgrades to get OP here you got to manage money to win~ Interesting and nice music~



...i mean who wants to get out really and not just be the gladiator they want to be~ :8bitheart:",12/04/2023 21:02:14,12/04/2023 21:02:14,positive,0,0,0.5,0,False,False,False,True,,False,0,0,0,0,0,0,0,0,0,0,0,0,0,0,0,0,0,0,0,0,0,0,,,,,,,,,,,,,,,,,,,,
97,152885023,97,76561197987742883,Tommy,offline,https://steamcommunity.com/id/tommythedev/,252,52,119,0,30,10/28/2024 05:50:00,5675407f2f6e8d9dde2d3953ce89cea16d91ff7f,https://avatars.akamai.steamstatic.com/5675407f2f6e8d9dde2d3953ce89cea16d91ff7f_full.jpg,https://steamcommunity.com/profiles/76561197987742883/recommended/2351890/,english,30 minutes in and I'm already addicted,12/04/2023 20:23:55,12/04/2023 20:23:55,positive,0,0,0.5,0,True,False,False,True,,False,0,0,0,0,0,0,0,0,0,0,0,0,0,0,0,0,0,0,0,0,0,0,,,,,,,,,,,,,,,,,,,,
98,152883746,98,76561198145475928,Jikooo,offline,https://steamcommunity.com/id/jikooooooo/,0,2,199,0,19,12/29/2023 22:47:44,fef49e7fa7e1997310d705b2a6158ff8dc1cdfeb,https://avatars.akamai.steamstatic.com/fef49e7fa7e1997310d705b2a6158ff8dc1cdfeb_full.jpg,https://steamcommunity.com/profiles/76561198145475928/recommended/2351890/,english,"Fun and addictive shooter, the upgrades/upskilling keeps it interesting, while the graphics make me nostalgic for early shooters. Will keep playing.",12/04/2023 19:58:43,12/04/2023 19:58:43,positive,0,0,0.5,0,True,False,False,True,,False,0,0,0,0,0,0,0,0,0,0,0,0,0,0,0,0,0,0,0,0,0,0,,,,,,,,,,,,,,,,,,,,
